ί–Ό,θϋ,Ηx@i”­¶’nj,Ηπ”ΤE’“έi”­¶’nj,s‹ζ’¬‘ΊƒR[ƒhi”­¶’nj,“s“Ή•{§i”­¶’nj,s‹ζ’¬‘Ίi”­¶’nj,’¬’–Ϊi”­¶’nj,”­¶”N“ϊinϊj,”­¶inϊj,”­¶κ,”­¶κ‚ΜΪΧ,»‹ΰ”νQ‚Μ—L–³
ή“,©“®”Μ”„‹@‚Λ‚η‚Ά,’†‰›,”’–xπ”Τ,131024,“‹“s,’†‰›‹ζ,”’–x‚Q’–Ϊ,2021-03-17,17,’“Τi—Φjκ,’“Τi—Φjκ,‚ ‚θ
ή“,©“®”Μ”„‹@‚Λ‚η‚Ά,’†‰›,“ϊ–{‹΄π”Τ,131024,“‹“s,’†‰›‹ζ,“ϊ–{‹΄‚P’–Ϊ,2021-02-10,10,“ΉHγ,‚»‚Μ‘Ό,‚ ‚θ
ή“,©“®”Μ”„‹@‚Λ‚η‚Ά,’†‰›,–{’¬π”Τ,131024,“‹“s,’†‰›‹ζ,“ϊ–{‹΄¬“`”n’¬,2021-01-04,16,’“Τi—Φjκ,’“Τi—Φjκ,‚ ‚θ
ή“,©“®”Μ”„‹@‚Λ‚η‚Ά,[μ,΄’λ‰€‘Oπ”Τ,131083,“‹“s,]“‹ζ,OD‚Q’–Ϊ,2021-05-14,19,“ΉHγ,‚»‚Μ‘Ό,‚ ‚θ
ή“,©“®”Μ”„‹@‚Λ‚η‚Ά,‚—Φ,•iμ‰w`“μϋπ”Τ,131032,“‹“s,`‹ζ,`“μ‚Q’–Ϊ,2021-01-25,03,“ΉHγ,‚»‚Μ‘Ό,‚Θ‚µ
ή“,©“®”Μ”„‹@‚Λ‚η‚Ά,Τβ,Τβ©•π”Τ,131032,“‹“s,`‹ζ,Τβ‚R’–Ϊ,2021-01-19,11,“ΉHγ,‚»‚Μ‘Ό,‚ ‚θ
ή“,©“®”Μ”„‹@‚Λ‚η‚Ά,“‹pέ,V–Ψκ‰w‘Oπ”Τ,131083,“‹“s,]“‹ζ,V–Ψκ‚P’–Ϊ,2021-01-29,10,‚»‚Μ‘Ό,‚»‚Μ‘Ό,‚ ‚θ
ή“,©“®”Μ”„‹@‚Λ‚η‚Ά,“‹pέ,’C–¤π”Τ,131083,“‹“s,]“‹ζ,’C–¤‚Q’–Ϊ,2021-02-01,10,‚»‚Μ‘Ό,‚»‚Μ‘Ό,‚ ‚θ
ή“,©“®”Μ”„‹@‚Λ‚η‚Ά,•iμ,Β•¨‰΅’‰w‘Oπ”Τ,131091,“‹“s,•iμ‹ζ,“μ•iμ‚S’–Ϊ,2021-01-20,06,‚»‚Μ‘Ό,‚»‚Μ‘Ό,‚Θ‚µ
ή“,©“®”Μ”„‹@‚Λ‚η‚Ά,‘εδ,‘εδ’¬‰w‘Oπ”Τ,131091,“‹“s,•iμ‹ζ,‘εδ‚P’–Ϊ,2021-08-02,06,’“Τi—Φjκ,’“Τi—Φjκ,‚ ‚θ
ή“,©“®”Μ”„‹@‚Λ‚η‚Ά,‘εδ,—§‰ομπ”Τ,131091,“‹“s,•iμ‹ζ,“μ‘εδ‚S’–Ϊ,2021-10-29,11,“ΉHγ,‚»‚Μ‘Ό,‚ ‚θ
ή“,©“®”Μ”„‹@‚Λ‚η‚Ά,‘εθ,ά”½“c‰w‘Oπ”Τ,131091,“‹“s,•iμ‹ζ,Όά”½“c‚P’–Ϊ,2021-03-01,15,’“Τi—Φjκ,’“Τi—Φjκ,‚ ‚θ
ή“,©“®”Μ”„‹@‚Λ‚η‚Ά,‘εθ,Όά”½“cπ”Τ,131091,“‹“s,•iμ‹ζ,Όά”½“c‚V’–Ϊ,2021-09-16,14,“ΉHγ,‚»‚Μ‘Ό,‚Θ‚µ
ή“,©“®”Μ”„‹@‚Λ‚η‚Ά,‰`΄,“ρ—t’¬π”Τ,131091,“‹“s,•iμ‹ζ,“ρ—t‚P’–Ϊ,2021-03-26,19,“ΉHγ,‚»‚Μ‘Ό,‚ ‚θ
ή“,©“®”Μ”„‹@‚Λ‚η‚Ά,‰`΄,“ρ—t’¬π”Τ,131091,“‹“s,•iμ‹ζ,“ρ—t‚Q’–Ϊ,2021-11-01,08,‚»‚Μ‘Ό,‚»‚Μ‘Ό,‚ ‚θ
ή“,©“®”Μ”„‹@‚Λ‚η‚Ά,‰`΄,ψ‚Μ‘δπ”Τ,131091,“‹“s,•iμ‹ζ,ψ‚Μ‘δ‚S’–Ϊ,2021-03-31,11,‚»‚Μ‘Ό,’“Τi—Φjκ,‚ ‚θ
ή“,©“®”Μ”„‹@‚Λ‚η‚Ά,‘εX,‘εX‰w‘Oπ”Τ,131113,“‹“s,‘ε“c‹ζ,‘εX–k‚S’–Ϊ,2021-10-01,•s–Ύ,‚»‚Μ‘Ό,‚»‚Μ‘Ό,‚ ‚θ
ή“,©“®”Μ”„‹@‚Λ‚η‚Ά,‘εX,XƒPθπ”Τ,131113,“‹“s,‘ε“c‹ζ,‘εX“‚T’–Ϊ,2021-06-14,15,“ΉHγ,‚»‚Μ‘Ό,‚ ‚θ
ή“,©“®”Μ”„‹@‚Λ‚η‚Ά,“c‰€’²•z,Ϋq‹΄π”Τ,131113,“‹“s,‘ε“c‹ζ,“c‰€’²•z–{’¬,2021-05-06,19,’“Τi—Φjκ,’“Τi—Φjκ,‚ ‚θ
ή“,©“®”Μ”„‹@‚Λ‚η‚Ά,“c‰€’²•z,‘ε‰R‰w‘Oπ”Τ,131105,“‹“s,–Ϊ•‹ζ,‘ε‰R‚Q’–Ϊ,2021-05-14,13,‚»‚Μ‘Ό,‚»‚Μ‘Ό,‚ ‚θ
ή“,©“®”Μ”„‹@‚Λ‚η‚Ά,—“c,—“c‰wΌϋπ”Τ,131113,“‹“s,‘ε“c‹ζ,Ό—“c‚T’–Ϊ,2021-05-15,15,“ΉHγ,‚»‚Μ‘Ό,‚ ‚θ
ή“,©“®”Μ”„‹@‚Λ‚η‚Ά,—“c,—“c‰wΌϋπ”Τ,131113,“‹“s,‘ε“c‹ζ,Ό—“c‚V’–Ϊ,2021-01-09,19,“ΉHγ,‚»‚Μ‘Ό,‚ ‚θ
ή“,©“®”Μ”„‹@‚Λ‚η‚Ά,—“c,ΌZ‹½π”Τ,131113,“‹“s,‘ε“c‹ζ,V—“c‚R’–Ϊ,2021-09-14,23,‚»‚Μ‘Ό,‚»‚Μ‘Ό,‚ ‚θ
ή“,©“®”Μ”„‹@‚Λ‚η‚Ά,’rγ,ƒKƒX‹΄π”Τ,131113,“‹“s,‘ε“c‹ζ,‰ΊΫq‚Q’–Ϊ,2021-03-29,16,“ΉHγ,‚»‚Μ‘Ό,‚ ‚θ
ή“,©“®”Μ”„‹@‚Λ‚η‚Ά,’rγ,ƒKƒX‹΄π”Τ,131113,“‹“s,‘ε“c‹ζ,–ξϋ‚P’–Ϊ,2021-01-08,04,‚»‚Μ‘Ό,‚»‚Μ‘Ό,‚ ‚θ
ή“,©“®”Μ”„‹@‚Λ‚η‚Ά,Ά“c’J,‰Ί”nl’–Ϊπ”Τ,131121,“‹“s,Ά“c’J‹ζ,‰Ί”n‚T’–Ϊ,2021-03-29,13,‚»‚Μ‘Ό,‚»‚Μ‘Ό,‚ ‚θ
ή“,©“®”Μ”„‹@‚Λ‚η‚Ά,‹Κμ,γ–μ–Ρπ”Τ,131121,“‹“s,Ά“c’J‹ζ,’†’¬‚Q’–Ϊ,2021-03-04,19,’“Τi—Φjκ,’“Τi—Φjκ,‚ ‚θ
ή“,©“®”Μ”„‹@‚Λ‚η‚Ά,‹Κμ,“ρq‹Κμπ”Τ,131121,“‹“s,Ά“c’J‹ζ,γ–μ–Ρ‚Q’–Ϊ,2021-04-15,11,“ΉHγ,‚»‚Μ‘Ό,‚ ‚θ
ή“,©“®”Μ”„‹@‚Λ‚η‚Ά,‹Κμ,£“cπ”Τ,131121,“‹“s,Ά“c’J‹ζ,γ–μ–Ρ‚S’–Ϊ,2021-02-11,16,“ΉHγ,‚»‚Μ‘Ό,‚ ‚θ
ή“,©“®”Μ”„‹@‚Λ‚η‚Ά,‹Κμ,“™X—Ν•s“®‘O’“έ,131121,“‹“s,Ά“c’J‹ζ,–μ–Ρ‚Q’–Ϊ,2021-04-15,14,“ΉHγ,‚»‚Μ‘Ό,‚ ‚θ
ή“,©“®”Μ”„‹@‚Λ‚η‚Ά,¬ι,ηΞ‘δπ”Τ,131121,“‹“s,Ά“c’J‹ζ,‘ct’J‚T’–Ϊ,2021-12-06,20,“ΉHγ,‚»‚Μ‘Ό,‚ ‚θ
ή“,©“®”Μ”„‹@‚Λ‚η‚Ά,¬ι,μ‘½©‰w‘Oπ”Τ,131121,“‹“s,Ά“c’J‹ζ,μ‘½©‚W’–Ϊ,2021-02-12,00,‚»‚Μ‘Ό,‚»‚Μ‘Ό,‚ ‚θ
ή“,©“®”Μ”„‹@‚Λ‚η‚Ά,¬ι,μ‘½©‰w‘Oπ”Τ,131121,“‹“s,Ά“c’J‹ζ,μ‘½©‚X’–Ϊ,2021-07-08,00,‚»‚Μ‘Ό,‚»‚Μ‘Ό,‚ ‚θ
ή“,©“®”Μ”„‹@‚Λ‚η‚Ά,¬ι,“•σ‘Oπ”Τ,131121,“‹“s,Ά“c’J‹ζ,‘ε‘ ‚U’–Ϊ,2021-08-24,21,‚»‚Μ‘Ό,‚»‚Μ‘Ό,‚ ‚θ
ή“,©“®”Μ”„‹@‚Λ‚η‚Ά,¬ι,™“c’“έ,131121,“‹“s,Ά“c’J‹ζ,™“c‚Q’–Ϊ,2021-08-12,11,‚»‚Μ‘Ό,‚»‚Μ‘Ό,‚ ‚θ
ή“,©“®”Μ”„‹@‚Λ‚η‚Ά,a’J,ν”ΦΌπ”Τ,131130,“‹“s,a’J‹ζ,a’J‚Q’–Ϊ,2021-02-09,11,“ΉHγ,‚»‚Μ‘Ό,‚ ‚θ
ή“,©“®”Μ”„‹@‚Λ‚η‚Ά,Vh,Vh‰wΌϋπ”Τ,131041,“‹“s,Vh‹ζ,ΌVh‚P’–Ϊ,2021-07-13,10,“ΉHγ,‚»‚Μ‘Ό,‚ ‚θ
ή“,©“®”Μ”„‹@‚Λ‚η‚Ά,l’J,l’JO’–Ϊπ”Τ,131041,“‹“s,Vh‹ζ,l’J‚R’–Ϊ,2021-08-11,14,“ΉHγ,‚»‚Μ‘Ό,‚ ‚θ
ή“,©“®”Μ”„‹@‚Λ‚η‚Ά,l’J,l’J©•π”Τ,131041,“‹“s,Vh‹ζ,l’J‚P’–Ϊ,2021-10-05,13,‚»‚Μ‘Ό,‚»‚Μ‘Ό,‚ ‚θ
ή“,©“®”Μ”„‹@‚Λ‚η‚Ά,l’J,‰Τ‰€π”Τ,131041,“‹“s,Vh‹ζ,Vh‚T’–Ϊ,2021-07-08,21,‚»‚Μ‘Ό,‚»‚Μ‘Ό,‚ ‚θ
ή“,©“®”Μ”„‹@‚Λ‚η‚Ά,l’J,’Η•π”Τ,131041,“‹“s,Vh‹ζ,Vh‚Q’–Ϊ,2021-08-21,13,‚»‚Μ‘Ό,‚»‚Μ‘Ό,‚ ‚θ
ή“,©“®”Μ”„‹@‚Λ‚η‚Ά,’†–μ,’†‰›ά’–Ϊπ”Τ,131148,“‹“s,’†–μ‹ζ,’†‰›‚T’–Ϊ,2021-11-25,04,‚»‚Μ‘Ό,‚»‚Μ‘Ό,‚ ‚θ
ή“,©“®”Μ”„‹@‚Λ‚η‚Ά,™•ΐ,–xƒm“ΰπ”Τ,131156,“‹“s,™•ΐ‹ζ,–xƒm“ΰ‚R’–Ϊ,2021-02-21,21,‚»‚Μ‘Ό,‚»‚Μ‘Ό,‚ ‚θ
ή“,©“®”Μ”„‹@‚Λ‚η‚Ά,™•ΐ,V‚‰~›‰w‘Oπ”Τ,131156,“‹“s,™•ΐ‹ζ,‚‰~›“μ‚Q’–Ϊ,2021-10-07,15,“ΉHγ,‚»‚Μ‘Ό,‚ ‚θ
ή“,©“®”Μ”„‹@‚Λ‚η‚Ά,™•ΐ,‚‰~›π”Τ,131156,“‹“s,™•ΐ‹ζ,a“c‚R’–Ϊ,2021-12-24,19,“ΉHγ,‚»‚Μ‘Ό,‚ ‚θ
ή“,©“®”Μ”„‹@‚Λ‚η‚Ά,™•ΐ,‚‰~›‰w‘Oπ”Τ,131156,“‹“s,™•ΐ‹ζ,‚‰~›“μ‚S’–Ϊ,2020-11-22,15,‚»‚Μ‘Ό,‚»‚Μ‘Ό,‚Θ‚µ
ή“,©“®”Μ”„‹@‚Λ‚η‚Ά,‚δΛ,‘ε‹{””¦’“έ,131156,“‹“s,™•ΐ‹ζ,‘ε‹{‚Q’–Ϊ,2021-08-19,12,‚»‚Μ‘Ό,‚»‚Μ‘Ό,‚Θ‚µ
ή“,©“®”Μ”„‹@‚Λ‚η‚Ά,–{•xm,λςβπ”Τ,131059,“‹“s,•¶‹‹ζ,–{‹½‚Q’–Ϊ,2021-12-07,08,‚»‚Μ‘Ό,‚»‚Μ‘Ό,‚ ‚θ
ή“,©“®”Μ”„‹@‚Λ‚η‚Ά,‘ƒ›,M\’Λπ”Τ,131164,“‹“s,–L“‡‹ζ,Ό‘ƒ›‚S’–Ϊ,2021-04-03,20,‚»‚Μ‘Ό,‚»‚Μ‘Ό,‚ ‚θ
ή“,©“®”Μ”„‹@‚Λ‚η‚Ά,’r‘ά,μ‰z’Κπ”Τ,131164,“‹“s,–L“‡‹ζ,’r‘ά‚S’–Ϊ,2021-01-04,13,“ΉHγ,‚»‚Μ‘Ό,‚ ‚θ
ή“,©“®”Μ”„‹@‚Λ‚η‚Ά,’r‘ά,’r‘ά‰w“ϋπ”Τ,131164,“‹“s,–L“‡‹ζ,“μ’r‘ά‚P’–Ϊ,2021-05-28,18,‚»‚Μ‘Ό,‚»‚Μ‘Ό,‚Θ‚µ
ή“,©“®”Μ”„‹@‚Λ‚η‚Ά,–Ϊ”’,“μ’r‘άπ”Τ,131164,“‹“s,–L“‡‹ζ,Gi‚’J‚P’–Ϊ,2021-03-12,13,“ΉHγ,‚»‚Μ‘Ό,‚ ‚θ
ή“,©“®”Μ”„‹@‚Λ‚η‚Ά,–Ϊ”’,“μ’·θπ”Τ,131164,“‹“s,–L“‡‹ζ,“μ’·θ‚Q’–Ϊ,2021-01-18,03,‚»‚Μ‘Ό,‚»‚Μ‘Ό,‚ ‚θ
ή“,©“®”Μ”„‹@‚Λ‚η‚Ά,–Ϊ”’,’Ε–Ό’¬‰w‘Oπ”Τ,131164,“‹“s,–L“‡‹ζ,’·θ‚Q’–Ϊ,2021-05-24,01,‚»‚Μ‘Ό,‚»‚Μ‘Ό,‚ ‚θ
ή“,©“®”Μ”„‹@‚Λ‚η‚Ά,‘κ–μμ,““c’[π”Τ,131172,“‹“s,–k‹ζ,““c’[‚Q’–Ϊ,2021-08-25,16,‚»‚Μ‘Ό,‚»‚Μ‘Ό,‚ ‚θ
ή“,©“®”Μ”„‹@‚Λ‚η‚Ά,‰¤q,“\ππ”Τ,131172,“‹“s,–k‹ζ,‰¤q‚S’–Ϊ,2021-06-02,08,“ΉHγ,‚»‚Μ‘Ό,‚ ‚θ
ή“,©“®”Μ”„‹@‚Λ‚η‚Ά,Τ‰H,‹{–xπ”Τ,131172,“‹“s,–k‹ζ,_’J‚R’–Ϊ,2021-08-25,18,‚»‚Μ‘Ό,‚»‚Μ‘Ό,‚ ‚θ
ή“,©“®”Μ”„‹@‚Λ‚η‚Ά,Τ‰H,Τ‰H‰w‘Oπ”Τ,131172,“‹“s,–k‹ζ,Τ‰H‚P’–Ϊ,2021-08-23,17,‚»‚Μ‘Ό,‚»‚Μ‘Ό,‚ ‚θ
ή“,©“®”Μ”„‹@‚Λ‚η‚Ά,Τ‰H,Τ‰H‰w‘Oπ”Τ,131172,“‹“s,–k‹ζ,Τ‰H‚Q’–Ϊ,2021-07-09,10,“ΉHγ,‚»‚Μ‘Ό,‚ ‚θ
ή“,©“®”Μ”„‹@‚Λ‚η‚Ά,”Β‹΄,—{η‰@‘Oπ”Τ,131199,“‹“s,”Β‹΄‹ζ,‘εR“’¬,2021-10-14,16,“ΉHγ,‚»‚Μ‘Ό,‚ ‚θ
ή“,©“®”Μ”„‹@‚Λ‚η‚Ά,”Β‹΄,—{η‰@‘Oπ”Τ,131199,“‹“s,”Β‹΄‹ζ,•Xμ’¬,2021-04-06,09,‚»‚Μ‘Ό,‚»‚Μ‘Ό,‚ ‚θ
ή“,©“®”Μ”„‹@‚Λ‚η‚Ά,υ‚‹u,υ‚‹uO’–Ϊπ”Τ,131202,“‹“s,—ϋ”n‹ζ,‚Ό‚S’–Ϊ,2021-05-20,00,‚»‚Μ‘Ό,‚»‚Μ‘Ό,‚ ‚θ
ή“,©“®”Μ”„‹@‚Λ‚η‚Ά,υ‚‹u,“c•Ώπ”Τ,131202,“‹“s,—ϋ”n‹ζ,“c•Ώ‚S’–Ϊ,2021-09-29,21,‚»‚Μ‘Ό,‚»‚Μ‘Ό,‚ ‚θ
ή“,©“®”Μ”„‹@‚Λ‚η‚Ά,υ‚‹u,—ϋ”n‚–μ‘δ‰w‘Oπ”Τ,131202,“‹“s,—ϋ”n‹ζ,‚–μ‘δ‚Q’–Ϊ,2021-05-18,10,‚»‚Μ‘Ό,‚»‚Μ‘Ό,‚ ‚θ
ή“,©“®”Μ”„‹@‚Λ‚η‚Ά,‰Ί’J,“ό’J“π”Τ,131067,“‹“s,‘δ“‹ζ,“ό’J‚Q’–Ϊ,2021-11-02,08,“ΉHγ,‚»‚Μ‘Ό,‚ ‚θ
ή“,©“®”Μ”„‹@‚Λ‚η‚Ά,‰Ί’J,ις’J‰w‘Oπ”Τ,131067,“‹“s,‘δ“‹ζ,έ‚R’–Ϊ,2021-09-22,11,“ΉHγ,‚»‚Μ‘Ό,‚ ‚θ
ή“,©“®”Μ”„‹@‚Λ‚η‚Ά,σ‘,Ή“V’¬π”Τ,131067,“‹“s,‘δ“‹ζ,΅Λ‚P’–Ϊ,2021-01-26,07,‚»‚Μ‘Ό,‚»‚Μ‘Ό,‚ ‚θ
ή“,©“®”Μ”„‹@‚Λ‚η‚Ά,σ‘,Ή“V’¬π”Τ,131067,“‹“s,‘δ“‹ζ,΅Λ‚P’–Ϊ,2021-07-21,10,‚»‚Μ‘Ό,‚»‚Μ‘Ό,‚ ‚θ
ή“,©“®”Μ”„‹@‚Λ‚η‚Ά,rμ,O‰Ν“‡‰w‘Oπ”Τ,131181,“‹“s,rμ‹ζ,““ϊ•ι—Ά‚R’–Ϊ,2021-09-22,10,“ΉHγ,‚»‚Μ‘Ό,‚ ‚θ
ή“,©“®”Μ”„‹@‚Λ‚η‚Ά,rμ,Ό“ϊ•ι—Ά‰w‘Oπ”Τ,131181,“‹“s,rμ‹ζ,Ό“ϊ•ι—Ά‚T’–Ϊ,2021-11-11,10,“ΉHγ,‚»‚Μ‘Ό,‚ ‚θ
ή“,©“®”Μ”„‹@‚Λ‚η‚Ά,ηZ,–kηZ‰wΌϋπ”Τ,131211,“‹“s,‘«—§‹ζ,ηZ‚P’–Ϊ,2021-08-25,17,‚»‚Μ‘Ό,‚»‚Μ‘Ό,‚ ‚θ
ή“,©“®”Μ”„‹@‚Λ‚η‚Ά,ΌVδ,‹{ιπ”Τ,131211,“‹“s,‘«—§‹ζ,¬‘δ‚P’–Ϊ,2021-01-26,10,‚»‚Μ‘Ό,’“Τi—Φjκ,‚ ‚θ
ή“,©“®”Μ”„‹@‚Λ‚η‚Ά,ΌVδ,Mΐπ”Τ,131211,“‹“s,‘«—§‹ζ,‰Α‰κ‚Q’–Ϊ,2021-06-25,12,‚»‚Μ‘Ό,‚»‚Μ‘Ό,‚ ‚θ
ή“,©“®”Μ”„‹@‚Λ‚η‚Ά,ΌVδ,Mΐπ”Τ,131211,“‹“s,‘«—§‹ζ,]–k‚U’–Ϊ,2021-03-23,11,‚»‚Μ‘Ό,‚»‚Μ‘Ό,‚ ‚θ
ή“,©“®”Μ”„‹@‚Λ‚η‚Ά,»£,κƒc‰Ζπ”Τ,131211,“‹“s,‘«—§‹ζ,κƒc‰Ζ‚Q’–Ϊ,2021-06-18,07,’“Τi—Φjκ,’“Τi—Φjκ,‚ ‚θ
ή“,©“®”Μ”„‹@‚Λ‚η‚Ά,’|‚Μ’Λ,•Ϋ–ΨΤπ”Τ,131211,“‹“s,‘«—§‹ζ,•Ϋ–ΨΤ‚T’–Ϊ,2021-12-14,18,‚»‚Μ‘Ό,’“Τi—Φjκ,‚ ‚θ
ή“,©“®”Μ”„‹@‚Λ‚η‚Ά,ι“,‹Ό‹΄Όπ”Τ,131083,“‹“s,]“‹ζ,“»‚U’–Ϊ,2021-01-29,18,‚»‚Μ‘Ό,‚»‚Μ‘Ό,‚ ‚θ
ή“,©“®”Μ”„‹@‚Λ‚η‚Ά,–{,—Ό‘π”Τ,131075,“‹“s,–n“c‹ζ,—Ό‘‚P’–Ϊ,2021-12-08,10,“ΉHγ,‚»‚Μ‘Ό,‚ ‚θ
ή“,©“®”Μ”„‹@‚Λ‚η‚Ά,–{,‹Ρ…’¬‰w–kϋπ”Τ,131075,“‹“s,–n“c‹ζ,‹Ρ…‚P’–Ϊ,2021-02-07,01,“ΉHγ,‚»‚Μ‘Ό,‚Θ‚µ
ή“,©“®”Μ”„‹@‚Λ‚η‚Ά,–{,‹Ρ…’¬‰w“μϋπ”Τ,131075,“‹“s,–n“c‹ζ,]“‹΄‚S’–Ϊ,2021-01-12,12,“ΉHγ,‚»‚Μ‘Ό,‚Θ‚µ
ή“,©“®”Μ”„‹@‚Λ‚η‚Ά,‹T—L,¬›π”Τ,131229,“‹“s,‹ό‹ζ,¬›‚Q’–Ϊ,2021-07-23,18,“ΉHγ,‚»‚Μ‘Ό,‚ ‚θ
ή“,©“®”Μ”„‹@‚Λ‚η‚Ά,‹T—L,Δ–”“ρ’–Ϊπ”Τ,131229,“‹“s,‹ό‹ζ,Vh‚R’–Ϊ,2020-12-27,19,‚»‚Μ‘Ό,‚»‚Μ‘Ό,‚ ‚θ
ή“,©“®”Μ”„‹@‚Λ‚η‚Ά,‹T—L,Ό‹T—Lπ”Τ,131229,“‹“s,‹ό‹ζ,Ό‹T—L‚R’–Ϊ,2021-04-26,09,‚»‚Μ‘Ό,‚»‚Μ‘Ό,‚ ‚θ
ή“,©“®”Μ”„‹@‚Λ‚η‚Ά,‹ό,—§Ξ‰w‘Oπ”Τ,131229,“‹“s,‹ό‹ζ,ΒΛ‚R’–Ϊ,2021-07-14,18,‚»‚Μ‘Ό,‚»‚Μ‘Ό,‚ ‚θ
ή“,©“®”Μ”„‹@‚Λ‚η‚Ά,¬Όμ,κ”V]π”Τ,131237,“‹“s,]Λμ‹ζ,κ”V]‚V’–Ϊ,2021-01-18,04,‚»‚Μ‘Ό,‚»‚Μ‘Ό,‚ ‚θ
ή“,©“®”Μ”„‹@‚Λ‚η‚Ά,¬Όμ,“μΒθπ”Τ,131237,“‹“s,]Λμ‹ζ,]Λμ‚P’–Ϊ,2021-04-29,11,“ΉHγ,‚»‚Μ‘Ό,‚ ‚θ
ή“,©“®”Μ”„‹@‚Λ‚η‚Ά,¬Όμ,“μΒθπ”Τ,131237,“‹“s,]Λμ‹ζ,“μΒθ’¬‚P’–Ϊ,2021-07-09,17,‚»‚Μ‘Ό,‚»‚Μ‘Ό,‚ ‚θ
ή“,©“®”Μ”„‹@‚Λ‚η‚Ά,¬Όμ,•½δ‰w‘Oπ”Τ,131237,“‹“s,]Λμ‹ζ,•½δ‚T’–Ϊ,2021-06-14,18,“ΉHγ,‚»‚Μ‘Ό,‚ ‚θ
ή“,©“®”Μ”„‹@‚Λ‚η‚Ά,¬Όμ,Ό]π”Τ,131237,“‹“s,]Λμ‹ζ,Ό]‚R’–Ϊ,2021-02-03,04,‚»‚Μ‘Ό,‚»‚Μ‘Ό,‚ ‚θ
ή“,©“®”Μ”„‹@‚Λ‚η‚Ά,¬Όμ,Ό]π”Τ,131237,“‹“s,]Λμ‹ζ,Ό]‚V’–Ϊ,2021-04-12,01,‚»‚Μ‘Ό,‚»‚Μ‘Ό,‚ ‚θ
ή“,©“®”Μ”„‹@‚Λ‚η‚Ά,¬Όμ,]‰w‘Oπ”Τ,131237,“‹“s,]Λμ‹ζ,]Λμ‚R’–Ϊ,2021-08-06,20,‚»‚Μ‘Ό,‚»‚Μ‘Ό,‚ ‚θ
ή“,©“®”Μ”„‹@‚Λ‚η‚Ά,¬Όμ,Βθ‰w‘Oπ”Τ,131237,“‹“s,]Λμ‹ζ,Βθ’¬‚T’–Ϊ,2021-03-15,11,’“Τi—Φjκ,’“Τi—Φjκ,‚ ‚θ
ή“,©“®”Μ”„‹@‚Λ‚η‚Ά,¬Όμ,Βθ‰w‘Oπ”Τ,131237,“‹“s,]Λμ‹ζ,Βθ’¬‚U’–Ϊ,2021-12-09,15,“ΉHγ,‚»‚Μ‘Ό,‚ ‚θ
ή“,©“®”Μ”„‹@‚Λ‚η‚Ά,¬Όμ,Βθ‰w‘Oπ”Τ,131237,“‹“s,]Λμ‹ζ,Βθ’¬‚V’–Ϊ,2020-12-31,19,‚»‚Μ‘Ό,‚»‚Μ‘Ό,‚ ‚θ
ή“,©“®”Μ”„‹@‚Λ‚η‚Ά,¬Όμ,Βθ‰w‘Oπ”Τ,131237,“‹“s,]Λμ‹ζ,’J‰Ν“ΰ‚Q’–Ϊ,2021-05-07,14,‚»‚Μ‘Ό,‚»‚Μ‘Ό,‚ ‚θ
ή“,©“®”Μ”„‹@‚Λ‚η‚Ά,‹Ό,‘D–x‰w‘Oπ”Τ,131237,“‹“s,]Λμ‹ζ,‘D–x‚P’–Ϊ,2021-11-16,22,‚»‚Μ‘Ό,‚»‚Μ‘Ό,‚ ‚θ
ή“,©“®”Μ”„‹@‚Λ‚η‚Ά,‹Ό,‘D–x‰w‘Oπ”Τ,131237,“‹“s,]Λμ‹ζ,‘D–x‚R’–Ϊ,2021-04-02,16,“ΉHγ,‚»‚Μ‘Ό,‚ ‚θ
ή“,©“®”Μ”„‹@‚Λ‚η‚Ά,‹Ό,Ό‹Ό‰w‘Oπ”Τ,131237,“‹“s,]Λμ‹ζ,Ό‹Ό‚U’–Ϊ,2021-02-03,10,‚»‚Μ‘Ό,‚»‚Μ‘Ό,‚Θ‚µ
ή“,©“®”Μ”„‹@‚Λ‚η‚Ά,‹Ό,Ό‹Ό‰w‘Oπ”Τ,131237,“‹“s,]Λμ‹ζ,Ό‹Ό‚V’–Ϊ,2021-02-03,19,‚»‚Μ‘Ό,‚»‚Μ‘Ό,‚Θ‚µ
ή“,©“®”Μ”„‹@‚Λ‚η‚Ά,“μ‘ε‘ς,‚έ‚Θ‚έ–μπ”Τ,132012,“‹“s,”‰¤qs,•Π‘q’¬,2021-08-31,07,‚»‚Μ‘Ό,‚»‚Μ‘Ό,‚Θ‚µ
ή“,©“®”Μ”„‹@‚Λ‚η‚Ά,“μ‘ε‘ς,γ—M–Ψ’“έ,132012,“‹“s,”‰¤qs,γ—M–Ψ‚Q’–Ϊ,2021-01-15,19,‚»‚Μ‘Ό,‚»‚Μ‘Ό,‚ ‚θ
ή“,©“®”Μ”„‹@‚Λ‚η‚Ά,“μ‘ε‘ς,γ—M–Ψ’“έ,132012,“‹“s,”‰¤qs,γ—M–Ψ‚Q’–Ϊ,2021-12-15,17,‚»‚Μ‘Ό,‚»‚Μ‘Ό,‚Θ‚µ
ή“,©“®”Μ”„‹@‚Λ‚η‚Ά,“μ‘ε‘ς,“μ‘ε‘ς‰w‘Oπ”Τ,132012,“‹“s,”‰¤qs,“μ‘ε‘ς‚P’–Ϊ,2021-10-28,12,‚»‚Μ‘Ό,‚»‚Μ‘Ό,‚ ‚θ
ή“,©“®”Μ”„‹@‚Λ‚η‚Ά,‘½–€’†‰›,χƒP‹u‰w‘Oπ”Τ,132241,“‹“s,‘½–€s,ΦΛ‚P’–Ϊ,2021-06-24,13,‚»‚Μ‘Ό,‚»‚Μ‘Ό,‚Θ‚µ
ή“,©“®”Μ”„‹@‚Λ‚η‚Ά,‘½–€’†‰›,χƒP‹u‰w‘Oπ”Τ,132241,“‹“s,‘½–€s,ΦΛ‚P’–Ϊ,2021-07-17,19,‚»‚Μ‘Ό,‚»‚Μ‘Ό,‚ ‚θ
ή“,©“®”Μ”„‹@‚Λ‚η‚Ά,‘½–€’†‰›,–ξ–μϋπ”Τ,132250,“‹“s,ξιs,–ξ–μϋ,2021-03-29,19,‚»‚Μ‘Ό,‚»‚Μ‘Ό,‚ ‚θ
ή“,©“®”Μ”„‹@‚Λ‚η‚Ά,‘½–€’†‰›,–ξ–μϋπ”Τ,132250,“‹“s,ξιs,–ξ–μϋ,2021-04-08,12,“ΉHγ,‚»‚Μ‘Ό,‚ ‚θ
ή“,©“®”Μ”„‹@‚Λ‚η‚Ά,‘½–€’†‰›,–ξ–μϋπ”Τ,132250,“‹“s,ξιs,–ξ–μϋ,2021-05-14,20,‚»‚Μ‘Ό,‚»‚Μ‘Ό,‚Θ‚µ
ή“,©“®”Μ”„‹@‚Λ‚η‚Ά,‘½–€’†‰›,ΉƒP‹u’“έ,132241,“‹“s,‘½–€s,Aυ›‚T’–Ϊ,2021-05-15,17,‚»‚Μ‘Ό,‚»‚Μ‘Ό,‚ ‚θ
ή“,©“®”Μ”„‹@‚Λ‚η‚Ά,Β”~,V’¬π”Τ,132055,“‹“s,Β”~s,V’¬‚U’–Ϊ,2021-06-05,18,‚»‚Μ‘Ό,‚»‚Μ‘Ό,‚ ‚θ
ή“,©“®”Μ”„‹@‚Λ‚η‚Ά,ά“ϊs,•½δ’“έ,133051,“‹“s,“ϊ‚Μo’¬,‘ε•½δ,2021-05-19,12,‚»‚Μ‘Ό,’“Τi—Φjκ,‚ ‚θ
ή“,©“®”Μ”„‹@‚Λ‚η‚Ά,ά“ϊs,•½δ’“έ,133051,“‹“s,“ϊ‚Μo’¬,‘ε•½δ,2021-06-01,17,’“Τi—Φjκ,’“Τi—Φjκ,‚ ‚θ
ή“,©“®”Μ”„‹@‚Λ‚η‚Ά,•¶,άƒm_’“έ,132276,“‹“s,‰H‘Ίs,—Ξƒ–‹u‚R’–Ϊ,2021-05-17,16,“ΉHγ,‚»‚Μ‘Ό,‚ ‚θ
ή“,©“®”Μ”„‹@‚Λ‚η‚Ά,•¶,³‹·R’“έ,133035,“‹“s,•δ’¬,‘ε‹ξ`•xmR,2021-04-05,16,‚»‚Μ‘Ό,‚»‚Μ‘Ό,‚ ‚θ
ή“,©“®”Μ”„‹@‚Λ‚η‚Ά,•¶,¬μ’“έ,132284,“‹“s,‚ ‚«‚ι–μs,“ρ‹{“‚P’–Ϊ,2021-01-13,08,‚»‚Μ‘Ό,‚»‚Μ‘Ό,‚ ‚θ
ή“,©“®”Μ”„‹@‚Λ‚η‚Ά,•¶,Ξ”¨’“έ,133035,“‹“s,•δ’¬,‘ε“aƒP’J,2021-04-22,09,‚»‚Μ‘Ό,‚»‚Μ‘Ό,‚ ‚θ
ή“,©“®”Μ”„‹@‚Λ‚η‚Ά,•¶,_–Ύ‘δπ”Τ,132276,“‹“s,‰H‘Ίs,_–Ύ‘δ‚Q’–Ϊ,2021-03-20,17,‚»‚Μ‘Ό,‚»‚Μ‘Ό,‚ ‚θ
ή“,©“®”Μ”„‹@‚Λ‚η‚Ά,•¶,Hμ‰w‘Oπ”Τ,132284,“‹“s,‚ ‚«‚ι–μs,“ρ‹{,2021-04-23,11,‚»‚Μ‘Ό,‚»‚Μ‘Ό,‚ ‚θ
ή“,©“®”Μ”„‹@‚Λ‚η‚Ά,•¶,Hμ‰w‘Oπ”Τ,132284,“‹“s,‚ ‚«‚ι–μs,“ρ‹{,2021-05-28,19,‚»‚Μ‘Ό,‚»‚Μ‘Ό,‚ ‚θ
ή“,©“®”Μ”„‹@‚Λ‚η‚Ά,•¶,” ƒPθ’“έ,133035,“‹“s,•δ’¬,‘ε” ƒPθ,2021-06-11,03,‚»‚Μ‘Ό,‚»‚Μ‘Ό,‚ ‚θ
ή“,©“®”Μ”„‹@‚Λ‚η‚Ά,•¶,” ƒ–θ‰w‘Oπ”Τ,133035,“‹“s,•δ’¬,‘ε” ƒPθ,2021-06-09,14,‚»‚Μ‘Ό,‚»‚Μ‘Ό,‚ ‚θ
ή“,©“®”Μ”„‹@‚Λ‚η‚Ά,•¶,” ƒ–θ‰w‘Oπ”Τ,133035,“‹“s,•δ’¬,” ƒPθ“Ό΄,2021-06-17,17,‚»‚Μ‘Ό,‚»‚Μ‘Ό,‚ ‚θ
ή“,©“®”Μ”„‹@‚Λ‚η‚Ά,•¶,‰H‘Ί‰w‘Oπ”Τ,132276,“‹“s,‰H‘Ίs,—Ξƒ–‹u‚S’–Ϊ,2021-01-12,14,‚»‚Μ‘Ό,‚»‚Μ‘Ό,‚ ‚θ
ή“,©“®”Μ”„‹@‚Λ‚η‚Ά,•¶,’·‰’“έ,133035,“‹“s,•δ’¬,’·‰‚Q’–Ϊ,2021-05-17,08,“ΉHγ,‚»‚Μ‘Ό,‚ ‚θ
ή“,©“®”Μ”„‹@‚Λ‚η‚Ά,”‰¤q,³‰΅Rπ”Τ,132012,“‹“s,”‰¤qs,“c’¬,2020-09-16,12,“ΉHγ,‚»‚Μ‘Ό,‚ ‚θ
ή“,©“®”Μ”„‹@‚Λ‚η‚Ά,”‰¤q,•xmXπ”Τ,132012,“‹“s,”‰¤qs,γ–μ’¬,2021-06-06,07,“ΉHγ,‚»‚Μ‘Ό,‚ ‚θ
ή“,©“®”Μ”„‹@‚Λ‚η‚Ά,’¬“c,ν”Υ’“έ,132098,“‹“s,’¬“cs,ν”Υ’¬,2021-05-13,13,‚»‚Μ‘Ό,‚»‚Μ‘Ό,‚ ‚θ
ή“,©“®”Μ”„‹@‚Λ‚η‚Ά,’¬“c,–μ’Γ“c’“έ,132098,“‹“s,’¬“cs,–μ’Γ“c’¬,2021-01-27,14,‚»‚Μ‘Ό,‚»‚Μ‘Ό,‚ ‚θ
ή“,©“®”Μ”„‹@‚Λ‚η‚Ά,“ϊ–μ,‚”¦•s“®‰w“μϋπ”Τ,132128,“‹“s,“ϊ–μs,Ξ“c‚Q’–Ϊ,2021-11-16,14,‚»‚Μ‘Ό,’“Τi—Φjκ,‚ ‚θ
ή“,©“®”Μ”„‹@‚Λ‚η‚Ά,Ί“‡,‘½–€‘ε‹΄π”Τ,132071,“‹“s,Ί“‡s,’†_’¬‚Q’–Ϊ,2021-05-06,18,“ΉHγ,‚»‚Μ‘Ό,‚ ‚θ
ή“,©“®”Μ”„‹@‚Λ‚η‚Ά,Ί“‡,”q“‡‰w‘Oπ”Τ,132071,“‹“s,Ί“‡s,Ό΄’¬‚Q’–Ϊ,2021-09-03,09,‚»‚Μ‘Ό,’“Τi—Φjκ,‚ ‚θ
ή“,©“®”Μ”„‹@‚Λ‚η‚Ά,—§μ,“V‰¤‹΄π”Τ,132021,“‹“s,—§μs,κ”Τ’¬‚Q’–Ϊ,2021-11-16,16,“ΉHγ,‚»‚Μ‘Ό,‚ ‚θ
ή“,©“®”Μ”„‹@‚Λ‚η‚Ά,—§μ,•xm©‘δπ”Τ,132152,“‹“s,‘—§s,•xm©‘δ‚R’–Ϊ,2021-05-13,15,‚»‚Μ‘Ό,‚»‚Μ‘Ό,‚ ‚θ
ή“,©“®”Μ”„‹@‚Λ‚η‚Ά,—§μ,‰Hί’¬π”Τ,132152,“‹“s,‘—§s,–k‚R’–Ϊ,2021-04-28,21,‚»‚Μ‘Ό,‚»‚Μ‘Ό,‚ ‚θ
ή“,©“®”Μ”„‹@‚Λ‚η‚Ά,—§μ,‰Hί’¬π”Τ,132152,“‹“s,‘—§s,–k‚R’–Ϊ,2021-08-05,18,‚»‚Μ‘Ό,‚»‚Μ‘Ό,‚ ‚θ
ή“,©“®”Μ”„‹@‚Λ‚η‚Ά,•{’†,‘ε‘°π”Τ,132063,“‹“s,•{’†s,–{’¬‚P’–Ϊ,2020-10-29,13,‚»‚Μ‘Ό,‚»‚Μ‘Ό,‚Θ‚µ
ή“,©“®”Μ”„‹@‚Λ‚η‚Ά,¬‹ΰδ,—φƒPE‰w‘Oπ”Τ,132144,“‹“s,‘•›s,“—φƒ–E‚R’–Ϊ,2021-03-06,05,‚»‚Μ‘Ό,‚»‚Μ‘Ό,‚ ‚θ
ή“,©“®”Μ”„‹@‚Λ‚η‚Ά,“‘ΊR,’†—Ά’“έ,132217,“‹“s,΄£s,’†—Ά‚R’–Ϊ,2021-10-04,23,‚»‚Μ‘Ό,‚»‚Μ‘Ό,‚ ‚θ
ή“,©“®”Μ”„‹@‚Λ‚η‚Ά,O‘ι,“V•¶‘δ‰Ί’“έ,132047,“‹“s,O‘ιs,‘ε‘ς‚S’–Ϊ,2021-03-03,11,“ΉHγ,‚»‚Μ‘Ό,‚ ‚θ
ή“,©“®”Μ”„‹@‚Λ‚η‚Ά,’²•z,aς‘½–€μπ”Τ,132195,“‹“s,]s,’–•ϋ‚R’–Ϊ,2021-02-16,18,‚»‚Μ‘Ό,‚»‚Μ‘Ό,‚ ‚θ
ή“,©“®”Μ”„‹@‚Λ‚η‚Ά,’²•z,‘—Μπ”Τ,132080,“‹“s,’²•zs,‘—Μ’¬‚R’–Ϊ,2021-04-09,13,“ΉHγ,‚»‚Μ‘Ό,‚ ‚θ
ή“,©“®”Μ”„‹@‚Λ‚η‚Ά,’²•z,βΛπ”Τ,132195,“‹“s,]s,βΛ“μ‚R’–Ϊ,2021-06-28,14,‚»‚Μ‘Ό,‚»‚Μ‘Ό,‚ ‚θ
ή“,©“®”Μ”„‹@‚Λ‚η‚Ά,’²•z,A•¨φ‰€‘O’“έ,132080,“‹“s,’²•zs,[‘ε›–k’¬‚T’–Ϊ,2021-02-24,19,“ΉHγ,‚»‚Μ‘Ό,‚ ‚θ
ή“,©“®”Μ”„‹@‚Λ‚η‚Ά,’²•z,‹e–μ‘δπ”Τ,132080,“‹“s,’²•zs,‹e–μ‘δ‚P’–Ϊ,2021-04-01,10,‚»‚Μ‘Ό,‚»‚Μ‘Ό,‚ ‚θ
ή“,©“®”Μ”„‹@‚Λ‚η‚Ά,’²•z,’²•z‰w‘Oπ”Τ,132080,“‹“s,’²•zs,¬“‡’¬‚P’–Ϊ,2021-07-09,18,‚»‚Μ‘Ό,‚»‚Μ‘Ό,‚ ‚θ
