ί–Ό,θϋ,Ηx@i”­¶’nj,Ηπ”ΤE’“έi”­¶’nj,s‹ζ’¬‘ΊƒR[ƒhi”­¶’nj,“s“Ή•{§i”­¶’nj,s‹ζ’¬‘Ίi”­¶’nj,’¬’–Ϊi”­¶’nj,”­¶”N“ϊinϊj,”­¶inϊj,”­¶κ,”­¶κ‚ΜΪΧ,{ωΦW,““ο–h~‘•’u‚Μ—L–³,»‹ΰΘO‚Με‚Θ”νQ•i
ή“,©“®Τ“,‹vΌ,•l’¬π”Τ,131024,“‹“s,’†‰›‹ζ,“ϊ–{‹΄•l’¬‚R’–Ϊ,2021/7/8,20,’“Τi—Φjκ,’“Τi—Φjκ,ƒL[‚Θ‚µ,‚ ‚θ,ζ—p©“®Τ
ή“,©“®Τ“,O“c,“c’¬‰w“ϋπ”Τ,131032,“‹“s,`‹ζ,Ε‰Y‚S’–Ϊ,2021/1/19,3,’“Τi—Φjκ,’“Τi—Φjκ,ƒL[‚Θ‚µ,‚Θ‚µ,ζ—p©“®Τ
ή“,©“®Τ“,‚—Φ,”’‹ΰOυ’¬π”Τ,131032,“‹“s,`‹ζ,”’‹ΰ‚S’–Ϊ,2021/11/18,2,‚SK‚ΔΘγ‹¤“―Z‘ξ,’“Τi—Φjκ,ƒL[‚Θ‚µ,‚ ‚θ,ζ—p©“®Τ
ή“,©“®Τ“,–ƒ•z,κ”V‹΄π”Τ,131032,“‹“s,`‹ζ,–ƒ•z\”Τ‚Q’–Ϊ,2021/6/8,12,‚SK‚ΔΘγ‹¤“―Z‘ξ,’“Τi—Φjκ,ƒL[‚Θ‚µ,‚ ‚θ,ζ—p©“®Τ
ή“,©“®Τ“,–ƒ•z,κ”V‹΄π”Τ,131032,“‹“s,`‹ζ,–ƒ•z\”Τ‚R’–Ϊ,2021/1/19,2,‚SK‚ΔΘγ‹¤“―Z‘ξ,’“Τi—Φjκ,ƒL[‚Θ‚µ,‚Θ‚µ,‚Θ‚µ
ή“,©“®Τ“,Τβ,•\Q“Ήπ”Τ,131032,“‹“s,`‹ζ,“μΒR‚U’–Ϊ,2021/1/11,5,“ΉHγ,‚»‚Μ‘Ό,ƒL[‚ ‚θ,‚Θ‚µ,ζ—p©“®Τ
ή“,©“®Τ“,Τβ,•\Q“Ήπ”Τ,131032,“‹“s,`‹ζ,“μΒR‚V’–Ϊ,2021/1/18,12,“ΉHγ,‚»‚Μ‘Ό,ƒL[‚ ‚θ,‚Θ‚µ,ζ—p©“®Τ
ή“,©“®Τ“,“‹pέ,‚¨‘δκC•lφ‰€‰w‘Oπ”Τ,131032,“‹“s,`‹ζ,‘δκ‚P’–Ϊ,2021/6/2,0,‚»‚Μ‘Ό,’“Τi—Φjκ,ƒL[‚Θ‚µ,‚ ‚θ,ζ—p©“®Τ
ή“,©“®Τ“,“‹pέ,‘ζά‘δκπ”Τ,131091,“‹“s,•iμ‹ζ,“•iμ‚T’–Ϊ,2021/1/8,6,‚»‚Μ‘Ό,’“Τi—Φjκ,ƒL[‚ ‚θ,‚Θ‚µ,ζ—p©“®Τ
ή“,©“®Τ“,•iμ,δ“aRπ”Τ,131091,“‹“s,•iμ‹ζ,–k•iμ‚U’–Ϊ,2021/8/29,17,’“Τi—Φjκ,’“Τi—Φjκ,ƒL[‚Θ‚µ,‚Θ‚µ,ζ—p©“®Τ
ή“,©“®Τ“,‘εδ,­“‡_Π‘Oπ”Τ,131091,“‹“s,•iμ‹ζ,‘εδ‚S’–Ϊ,2021/5/19,23,’“Τi—Φjκ,’“Τi—Φjκ,ƒL[‚Θ‚µ,‚Θ‚µ,ζ—p©“®Τ
ή“,©“®Τ“,‰`΄,,131091,“‹“s,•iμ‹ζ,“ά”½“c‚R’–Ϊ,2021/8/29,14,’“Τi—Φjκ,’“Τi—Φjκ,ƒL[‚Θ‚µ,‚Θ‚µ,ζ—p©“®Τ
ή“,©“®Τ“,‘εX,‘εXCέπ”Τ,131113,“‹“s,‘ε“c‹ζ,‹•l“‡‚R’–Ϊ,2021/4/3,12,’“Τi—Φjκ,’“Τi—Φjκ,ƒL[‚ ‚θ,‚Θ‚µ,“Ακ©“®Τ
ή“,©“®Τ“,‘εX,t“ϊ‹΄π”Τ,131113,“‹“s,‘ε“c‹ζ,’†‰›‚S’–Ϊ,2021/7/13,18,κΛZ‘ξ,’“Τi—Φjκ,ƒL[‚Θ‚µ,‚Θ‚µ,‰έ•¨©“®Τ
ή“,©“®Τ“,‘εX,XƒPθπ”Τ,131113,“‹“s,‘ε“c‹ζ,‘εX“‚R’–Ϊ,2021/7/28,21,’“Τi—Φjκ,’“Τi—Φjκ,ƒL[‚Θ‚µ,‚Θ‚µ,ζ—p©“®Τ
ή“,©“®Τ“,‘εX,’JΛπ”Τ,131113,“‹“s,‘ε“c‹ζ,‘εXΌ‚R’–Ϊ,2021/5/30,15,‚»‚Μ‘Ό,’“Τi—Φjκ,ƒL[‚ ‚θ,‚Θ‚µ,‰έ•¨©“®Τ
ή“,©“®Τ“,‘εX,’JΛπ”Τ,131113,“‹“s,‘ε“c‹ζ,‹•l“‡‚R’–Ϊ,2021/3/26,12,’“Τi—Φjκ,’“Τi—Φjκ,ƒL[‚Θ‚µ,‚Θ‚µ,‰έ•¨©“®Τ
ή“,©“®Τ“,“c‰€’²•z,“ΉX‹΄π”Τ,131113,“‹“s,‘ε“c‹ζ,’‡’rγ‚Q’–Ϊ,2021/8/9,6,’“Τi—Φjκ,’“Τi—Φjκ,ƒL[‚Θ‚µ,‚Θ‚µ,‰έ•¨©“®Τ
ή“,©“®Τ“,“c‰€’²•z,‰L‚Μ–Ψ‰w‘Oπ”Τ,131113,“‹“s,‘ε“c‹ζ,‰L‚Μ–Ψ‚P’–Ϊ,2021/6/10,17,‚»‚Μ‘Ό,’“Τi—Φjκ,ƒL[‚Θ‚µ,‚Θ‚µ,‰έ•¨©“®Τ
ή“,©“®Τ“,“c‰€’²•z,‰L‚Μ–Ψ‰w‘Oπ”Τ,131113,“‹“s,‘ε“c‹ζ,‰L‚Μ–Ψ‚Q’–Ϊ,2021/10/14,10,’“Τi—Φjκ,’“Τi—Φjκ,ƒL[‚Θ‚µ,‚Θ‚µ,‰έ•¨©“®Τ
ή“,©“®Τ“,“c‰€’²•z,‰L‚Μ–Ψ‰w‘Oπ”Τ,131113,“‹“s,‘ε“c‹ζ,‰L‚Μ–Ψ‚R’–Ϊ,2021/10/9,23,‚»‚Μ‘Ό,’“Τi—Φjκ,ƒL[‚Θ‚µ,‚Θ‚µ,‰έ•¨©“®Τ
ή“,©“®Τ“,—“c,–kβο’Jπ”Τ,131113,“‹“s,‘ε“c‹ζ,–kβο’J‚P’–Ϊ,2021/7/28,21,κΛZ‘ξ,’“Τi—Φjκ,ƒL[‚Θ‚µ,‚Θ‚µ,‰έ•¨©“®Τ
ή“,©“®Τ“,—“c,–kβο’Jπ”Τ,131113,“‹“s,‘ε“c‹ζ,–kβο’J‚P’–Ϊ,2021/7/29,17,‚»‚Μ‘Ό,’“Τi—Φjκ,ƒL[‚Θ‚µ,‚Θ‚µ,‚Θ‚µ
ή“,©“®Τ“,—“c,–kβο’Jπ”Τ,131113,“‹“s,‘ε“c‹ζ,–kβο’J‚Q’–Ϊ,2021/8/16,17,‚»‚Μ‘Ό,‚»‚Μ‘Ό,ƒL[‚Θ‚µ,‚Θ‚µ,ζ—p©“®Τ
ή“,©“®Τ“,—“c,‘ε’Ή‹π”Τ,131113,“‹“s,‘ε“c‹ζ,–{‰H“c‚R’–Ϊ,2021/9/29,18,κΛZ‘ξ,’“Τi—Φjκ,ƒL[‚Θ‚µ,‚Θ‚µ,‰έ•¨©“®Τ
ή“,©“®Τ“,—“c,“ϊ‚Μo’Κπ”Τ,131113,“‹“s,‘ε“c‹ζ,Όβο’J‚P’–Ϊ,2021/8/15,22,’“Τi—Φjκ,’“Τi—Φjκ,ƒL[‚Θ‚µ,‚Θ‚µ,‰έ•¨©“®Τ
ή“,©“®Τ“,—“c,–{‰H“cπ”Τ,131113,“‹“s,‘ε“c‹ζ,–{‰H“c‚P’–Ϊ,2021/9/14,13,’“Τi—Φjκ,’“Τi—Φjκ,ƒL[‚Θ‚µ,‚Θ‚µ,‰έ•¨©“®Τ
ή“,©“®Τ“,—“c,“Z‹½π”Τ,131113,“‹“s,‘ε“c‹ζ,“μZ‹½‚P’–Ϊ,2021/9/24,18,’“Τi—Φjκ,’“Τi—Φjκ,ƒL[‚Θ‚µ,‚Θ‚µ,ζ—p©“®Τ
ή“,©“®Τ“,—“c,“Z‹½π”Τ,131113,“‹“s,‘ε“c‹ζ,“μZ‹½‚Q’–Ϊ,2021/9/8,16,‚SK‚ΔΘγ‹¤“―Z‘ξ,’“Τi—Φjκ,ƒL[‚Θ‚µ,‚Θ‚µ,‰έ•¨©“®Τ
ή“,©“®Τ“,—“c,ΌZ‹½π”Τ,131113,“‹“s,‘ε“c‹ζ,V—“c‚Q’–Ϊ,2021/9/14,18,’“Τi—Φjκ,’“Τi—Φjκ,ƒL[‚Θ‚µ,‚ ‚θ,‰έ•¨©“®Τ
ή“,©“®Τ“,—“c,ΌZ‹½π”Τ,131113,“‹“s,‘ε“c‹ζ,V—“c‚R’–Ϊ,2021/9/15,17,κΛZ‘ξ,‚»‚Μ‘Ό,ƒL[‚Θ‚µ,‚Θ‚µ,‰έ•¨©“®Τ
ή“,©“®Τ“,—“c,ΌZ‹½π”Τ,131113,“‹“s,‘ε“c‹ζ,ΌZ‹½‚P’–Ϊ,2021/9/29,21,’“Τi—Φjκ,’“Τi—Φjκ,ƒL[‚Θ‚µ,‚Θ‚µ,‰έ•¨©“®Τ
ή“,©“®Τ“,—“c,ΌZ‹½π”Τ,131113,“‹“s,‘ε“c‹ζ,ΌZ‹½‚Q’–Ϊ,2021/10/9,21,’“Τi—Φjκ,’“Τi—Φjκ,ƒL[‚Θ‚µ,‚Θ‚µ,‰έ•¨©“®Τ
ή“,©“®Τ“,—“c,ΌZ‹½π”Τ,131113,“‹“s,‘ε“c‹ζ,ΌZ‹½‚Q’–Ϊ,2021/10/22,20,’“Τi—Φjκ,’“Τi—Φjκ,ƒL[‚Θ‚µ,‚Θ‚µ,‰έ•¨©“®Τ
ή“,©“®Τ“,—“c,ΌZ‹½π”Τ,131113,“‹“s,‘ε“c‹ζ,ΌZ‹½‚S’–Ϊ,2021/6/3,18,‚SK‚ΔΘγ‹¤“―Z‘ξ,’“Τi—Φjκ,ƒL[‚Θ‚µ,‚Θ‚µ,‰έ•¨©“®Τ
ή“,©“®Τ“,—“c,GFπ”Τ,131113,“‹“s,‘ε“c‹ζ,’‡Z‹½‚Q’–Ϊ,2021/9/25,15,’“Τi—Φjκ,’“Τi—Φjκ,ƒL[‚Θ‚µ,‚ ‚θ,‰έ•¨©“®Τ
ή“,©“®Τ“,’rγ,ƒKƒX‹΄π”Τ,131113,“‹“s,‘ε“c‹ζ,‰ΊΫq‚Q’–Ϊ,2021/10/7,18,‚»‚Μ‘Ό,’“Τi—Φjκ,ƒL[‚Θ‚µ,‚Θ‚µ,‰έ•¨©“®Τ
ή“,©“®Τ“,’rγ,O–{Όπ”Τ,131113,“‹“s,‘ε“c‹ζ,“”n‚P’–Ϊ,2021/7/29,12,‚»‚Μ‘Ό,’“Τi—Φjκ,ƒL[‚Θ‚µ,‚ ‚θ,‰έ•¨©“®Τ
ή“,©“®Τ“,’rγ,η’Ήπ”Τ,131113,“‹“s,‘ε“c‹ζ,‘½–€μ‚P’–Ϊ,2021/10/10,18,’“Τi—Φjκ,’“Τi—Φjκ,ƒL[‚Θ‚µ,‚Θ‚µ,‰έ•¨©“®Τ
ή“,©“®Τ“,’rγ,‘½–€μ‘ε‹΄π”Τ,131113,“‹“s,‘ε“c‹ζ,–ξϋ‚R’–Ϊ,2021/10/13,11,’“Τi—Φjκ,’“Τi—Φjκ,ƒL[‚Θ‚µ,‚ ‚θ,‰έ•¨©“®Τ
ή“,©“®Τ“,’rγ,s–μ‘qπ”Τ,131113,“‹“s,‘ε“c‹ζ,’†‰›‚V’–Ϊ,2021/10/6,22,‚SK‚ΔΘγ‹¤“―Z‘ξ,‚»‚Μ‘Ό,ƒL[‚ ‚θ,‚Θ‚µ,ζ—p©“®Τ
ή“,©“®Τ“,Ά“c’J,O¬’ƒ‰®π”Τ,131121,“‹“s,Ά“c’J‹ζ,‘Ύq“°‚Q’–Ϊ,2021/11/16,1,“ΉHγ,‚»‚Μ‘Ό,ƒL[‚ ‚θ,‚Θ‚µ,“Ακ©“®Τ
ή“,©“®Τ“,–k‘ς,ΤΌπ”Τ,131121,“‹“s,Ά“c’J‹ζ,Τ’η‚T’–Ϊ,2021/12/5,16,’“Τi—Φjκ,’“Τi—Φjκ,ƒL[‚Θ‚µ,‚Θ‚µ,ζ—p©“®Τ
ή“,©“®Τ“,‹Κμ,γ–μ–Ρπ”Τ,131121,“‹“s,Ά“c’J‹ζ,’†’¬‚R’–Ϊ,2021/11/11,16,‚»‚Μ‘Ό,’“Τi—Φjκ,ƒL[‚Θ‚µ,‚ ‚θ,ζ—p©“®Τ
ή“,©“®Τ“,”θ•¶’J,w|‘εw‰w‘Oπ”Τ,131105,“‹“s,–Ϊ•‹ζ,‘ι”Τ‚Q’–Ϊ,2021/12/22,1,“ΉHγ,‚»‚Μ‘Ό,ƒL[‚ ‚θ,‚ ‚θ,ζ—p©“®Τ
ή“,©“®Τ“,a’J,a’J‰w‘Oπ”Τ,131130,“‹“s,a’J‹ζ,χ‹u’¬,2021/12/6,23,‚SK‚ΔΘγ‹¤“―Z‘ξ,’“Τi—Φjκ,ƒL[‚Θ‚µ,‚Θ‚µ,ζ—p©“®Τ
ή“,©“®Τ“,‘γX–Ψ,‘γX–Ψφ‰€π”Τ,131130,“‹“s,a’J‹ζ,γ΄‚P’–Ϊ,2021/11/28,16,’“Τi—Φjκ,’“Τi—Φjκ,ƒL[‚Θ‚µ,‚ ‚θ,ζ—p©“®Τ
ή“,©“®Τ“,’†–μ,“’†–μ‰w‘Oπ”Τ,131148,“‹“s,’†–μ‹ζ,“’†–μ‚P’–Ϊ,2021/9/15,18,‚SK‚ΔΘγ‹¤“―Z‘ξ,’“Τi—Φjκ,ƒL[‚Θ‚µ,‚Θ‚µ,‰έ•¨©“®Τ
ή“,©“®Τ“,’†–μ,“’†–μ‰w‘Oπ”Τ,131148,“‹“s,’†–μ‹ζ,“’†–μ‚P’–Ϊ,2021/9/18,16,’“Τi—Φjκ,’“Τi—Φjκ,ƒL[‚Θ‚µ,‚Θ‚µ,ζ—p©“®Τ
ή“,©“®Τ“,–μ•ϋ,ΐ‘άπ”Τ,131148,“‹“s,’†–μ‹ζ,’†–μ‚S’–Ϊ,2021/5/11,18,‚»‚Μ‘Ό,’“Τi—Φjκ,ƒL[‚Θ‚µ,‚Θ‚µ,‚Θ‚µ
ή“,©“®Τ“,–μ•ϋ,λ‹{‰w‘Oπ”Τ,131148,“‹“s,’†–μ‹ζ,γλ‹{‚P’–Ϊ,2021/6/20,19,’“Τi—Φjκ,’“Τi—Φjκ,ƒL[‚ ‚θ,‚Θ‚µ,ζ—p©“®Τ
ή“,©“®Τ“,™•ΐ,–xƒm“ΰπ”Τ,131156,“‹“s,™•ΐ‹ζ,–xƒm“ΰ‚Q’–Ϊ,2021/10/20,20,‚SK‚ΔΘγ‹¤“―Z‘ξ,’“Τi—Φjκ,ƒL[‚Θ‚µ,‚Θ‚µ,‰έ•¨©“®Τ
ή“,©“®Τ“,•xβ,γyπ”Τ,131059,“‹“s,•¶‹‹ζ,¬Ξμ‚R’–Ϊ,2021/10/12,21,κΛZ‘ξ,’“Τi—Φjκ,ƒL[‚Θ‚µ,‚ ‚θ,ζ—p©“®Τ
ή“,©“®Τ“,•xβ,’|‘π”Τ,131059,“‹“s,•¶‹‹ζ,‘ε’Λ‚R’–Ϊ,2021/12/26,22,’“Τi—Φjκ,’“Τi—Φjκ,ƒL[‚Θ‚µ,‚Θ‚µ,ζ—p©“®Τ
ή“,©“®Τ“,‘ε’Λ,–Ϊ”’‘δπ”Τ,131059,“‹“s,•¶‹‹ζ,–Ϊ”’‘δ‚Q’–Ϊ,2021/12/6,22,‚SK‚ΔΘγ‹¤“―Z‘ξ,‚»‚Μ‘Ό,ƒL[‚Θ‚µ,‚ ‚θ,ζ—p©“®Τ
ή“,©“®Τ“,’r‘ά,γ’r‘άπ”Τ,131164,“‹“s,–L“‡‹ζ,γ’r‘ά‚S’–Ϊ,2021/9/27,19,’“Τi—Φjκ,’“Τi—Φjκ,ƒL[‚Θ‚µ,‚ ‚θ,ζ—p©“®Τ
ή“,©“®Τ“,’r‘ά,•½a’Κπ”Τ,131164,“‹“s,–L“‡‹ζ,’r‘ά‚Q’–Ϊ,2021/3/30,1,“ΉHγ,‚»‚Μ‘Ό,ƒL[‚Θ‚µ,‚ ‚θ,‚Θ‚µ
ή“,©“®Τ“,‰¤q,\π’‡΄π”Τ,131172,“‹“s,–k‹ζ,\π’‡΄‚R’–Ϊ,2021/8/3,19,‚SK‚ΔΘγ‹¤“―Z‘ξ,’“Τi—Φjκ,ƒL[‚Θ‚µ,‚Θ‚µ,‰έ•¨©“®Τ
ή“,©“®Τ“,‰¤q,‰¤q‰w‘Oπ”Τ,131172,“‹“s,–k‹ζ,–L“‡‚P’–Ϊ,2021/8/7,18,‚SK‚ΔΘγ‹¤“―Z‘ξ,’“Τi—Φjκ,ƒL[‚Θ‚µ,‚ ‚θ,ζ—p©“®Τ
ή“,©“®Τ“,Τ‰H,Τ‰H–kπ”Τ,131172,“‹“s,–k‹ζ,Τ‰H–k‚Q’–Ϊ,2021/8/18,19,‚SK‚ΔΘγ‹¤“―Z‘ξ,’“Τi—Φjκ,ƒL[‚ ‚θ,‚Θ‚µ,‰έ•¨©“®Τ
ή“,©“®Τ“,Τ‰H,Τ‰HΌπ”Τ,131172,“‹“s,–k‹ζ,Τ‰HΌ‚S’–Ϊ,2021/5/27,21,’“Τi—Φjκ,’“Τi—Φjκ,ƒL[‚Θ‚µ,‚ ‚θ,ζ—p©“®Τ
ή“,©“®Τ“,”Β‹΄,‰Α‰κπ”Τ,131199,“‹“s,”Β‹΄‹ζ,”Β‹΄‚S’–Ϊ,2021/12/18,1,’“Τi—Φjκ,’“Τi—Φjκ,ƒL[‚Θ‚µ,‚ ‚θ,ζ—p©“®Τ
ή“,©“®Τ“,”Β‹΄,ν”Υ‘δπ”Τ,131199,“‹“s,”Β‹΄‹ζ,ν”Υ‘δ‚Q’–Ϊ,2021/10/31,14,’“Τi—Φjκ,’“Τi—Φjκ,ƒL[‚Θ‚µ,‚ ‚θ,ζ—p©“®Τ
ή“,©“®Τ“,”Β‹΄,•½”φπ”Τ,131199,“‹“s,”Β‹΄‹ζ,”Β‹΄‚P’–Ϊ,2021/6/15,21,‚SK‚ΔΘγ‹¤“―Z‘ξ,’“Τi—Φjκ,ƒL[‚Θ‚µ,‚ ‚θ,ζ—p©“®Τ
ή“,©“®Τ“,u‘Ί,‘O–μ’¬π”Τ,131199,“‹“s,”Β‹΄‹ζ,‘O–μ’¬‚P’–Ϊ,2021/10/9,21,’“Τi—Φjκ,’“Τi—Φjκ,ƒL[‚Θ‚µ,‚ ‚θ,“Ακ©“®Τ
ή“,©“®Τ“,u‘Ί,‘O–μ’¬π”Τ,131199,“‹“s,”Β‹΄‹ζ,‘O–μ’¬‚S’–Ϊ,2021/8/4,16,’“Τi—Φjκ,’“Τi—Φjκ,ƒL[‚Θ‚µ,‚Θ‚µ,‰έ•¨©“®Τ
ή“,©“®Τ“,u‘Ί,¬“¤‘ςπ”Τ,131199,“‹“s,”Β‹΄‹ζ,¬“¤‘ς‚P’–Ϊ,2021/8/7,17,’“Τi—Φjκ,’“Τi—Φjκ,ƒL[‚Θ‚µ,‚Θ‚µ,‰έ•¨©“®Τ
ή“,©“®Τ“,u‘Ί,¬“¤‘ςπ”Τ,131199,“‹“s,”Β‹΄‹ζ,¬“¤‘ς‚Q’–Ϊ,2021/8/18,22,‚»‚Μ‘Ό,’“Τi—Φjκ,ƒL[‚Θ‚µ,‚Θ‚µ,ζ—p©“®Τ
ή“,©“®Τ“,u‘Ί,¬“¤‘ςπ”Τ,131199,“‹“s,”Β‹΄‹ζ,¬“¤‘ς‚Q’–Ϊ,2021/8/23,6,“ΉHγ,‚»‚Μ‘Ό,ƒL[‚ ‚θ,‚Θ‚µ,‰έ•¨©“®Τ
ή“,©“®Τ“,u‘Ί,¬“¤‘ςπ”Τ,131199,“‹“s,”Β‹΄‹ζ,¬“¤‘ς‚Q’–Ϊ,2021/10/2,9,’“Τi—Φjκ,’“Τi—Φjκ,ƒL[‚ ‚θ,‚Θ‚µ,‰έ•¨©“®Τ
ή“,©“®Τ“,u‘Ί,΄…’¬π”Τ,131199,“‹“s,”Β‹΄‹ζ,΄…’¬,2021/8/3,18,’“Τi—Φjκ,’“Τi—Φjκ,ƒL[‚Θ‚µ,‚Θ‚µ,‚Θ‚µ
ή“,©“®Τ“,u‘Ί,@π”Τ,131199,“‹“s,”Β‹΄‹ζ,’†‘δ‚Q’–Ϊ,2021/8/7,14,’“Τi—Φjκ,’“Τi—Φjκ,ƒL[‚Θ‚µ,‚Θ‚µ,‰έ•¨©“®Τ
ή“,©“®Τ“,u‘Ί,Ό‘δπ”Τ,131199,“‹“s,”Β‹΄‹ζ,Ό‘δ‚R’–Ϊ,2021/9/10,12,“ΉHγ,‚»‚Μ‘Ό,ƒL[‚ ‚θ,‚Θ‚µ,“Ακ©“®Τ
ή“,©“®Τ“,Ξ_δ,‘εςw‰€‰w‘Oπ”Τ,131202,“‹“s,—ϋ”n‹ζ,“‘ες‚P’–Ϊ,2021/7/9,21,’“Τi—Φjκ,’“Τi—Φjκ,ƒL[‚Θ‚µ,‚Θ‚µ,‰έ•¨©“®Τ
ή“,©“®Τ“,‚“‡•½,γΤ’Λπ”Τ,131199,“‹“s,”Β‹΄‹ζ,Τ’Λ‚S’–Ϊ,2021/9/17,17,’“Τi—Φjκ,’“Τi—Φjκ,ƒL[‚Θ‚µ,‚ ‚θ,‰έ•¨©“®Τ
ή“,©“®Τ“,‚“‡•½,–k–μπ”Τ,131199,“‹“s,”Β‹΄‹ζ,“ΏΫ‚R’–Ϊ,2021/4/29,20,‚SK‚ΔΘγ‹¤“―Z‘ξ,’“Τi—Φjκ,ƒL[‚Θ‚µ,‚ ‚θ,ζ—p©“®Τ
ή“,©“®Τ“,‚“‡•½,Ό‰@‘Oπ”Τ,131199,“‹“s,”Β‹΄‹ζ,Τ’Λ‚T’–Ϊ,2021/8/7,20,’“Τi—Φjκ,’“Τi—Φjκ,ƒL[‚Θ‚µ,‚ ‚θ,‰έ•¨©“®Τ
ή“,©“®Τ“,‚“‡•½,Ό‰@‘Oπ”Τ,131199,“‹“s,”Β‹΄‹ζ,l—t‚Q’–Ϊ,2021/8/7,17,‚SK‚ΔΘγ‹¤“―Z‘ξ,’“Τi—Φjκ,ƒL[‚ ‚θ,‚Θ‚µ,‰έ•¨©“®Τ
ή“,©“®Τ“,‚“‡•½,‚“‡•½‰w‘Oπ”Τ,131199,“‹“s,”Β‹΄‹ζ,‚“‡•½‚Q’–Ϊ,2021/8/4,17,’“Τi—Φjκ,’“Τi—Φjκ,ƒL[‚Θ‚µ,‚ ‚θ,‰έ•¨©“®Τ
ή“,©“®Τ“,‚“‡•½,‚“‡•½‰w‘Oπ”Τ,131199,“‹“s,”Β‹΄‹ζ,‚“‡•½‚Q’–Ϊ,2021/9/18,15,‚SK‚ΔΘγ‹¤“―Z‘ξ,’“Τi—Φjκ,ƒL[‚Θ‚µ,‚Θ‚µ,‰έ•¨©“®Τ
ή“,©“®Τ“,υ‚‹u,–k’¬π”Τ,131202,“‹“s,—ϋ”n‹ζ,–k’¬‚T’–Ϊ,2021/8/6,15,’“Τi—Φjκ,’“Τi—Φjκ,ƒL[‚Θ‚µ,‚Θ‚µ,‰έ•¨©“®Τ
ή“,©“®Τ“,υ‚‹u,“yx“cπ”Τ,131202,“‹“s,—ϋ”n‹ζ,υ‚‹u‚V’–Ϊ,2021/10/11,14,’“Τi—Φjκ,’“Τi—Φjκ,ƒL[‚Θ‚µ,‚Θ‚µ,‰έ•¨©“®Τ
ή“,©“®Τ“,υ‚‹u,“c•Ώπ”Τ,131202,“‹“s,—ϋ”n‹ζ,–k’¬‚W’–Ϊ,2021/8/6,18,’“Τi—Φjκ,’“Τi—Φjκ,ƒL[‚Θ‚µ,‚Θ‚µ,‰έ•¨©“®Τ
ή“,©“®Τ“,υ‚‹u,“c•Ώπ”Τ,131202,“‹“s,—ϋ”n‹ζ,–k’¬‚W’–Ϊ,2021/8/6,19,’“Τi—Φjκ,’“Τi—Φjκ,ƒL[‚Θ‚µ,‚Θ‚µ,‰έ•¨©“®Τ
ή“,©“®Τ“,υ‚‹u,“c•Ώπ”Τ,131202,“‹“s,—ϋ”n‹ζ,“c•Ώ‚S’–Ϊ,2021/8/14,17,’“Τi—Φjκ,’“Τi—Φjκ,ƒL[‚Θ‚µ,‚Θ‚µ,ζ—p©“®Τ
ή“,©“®Τ“,υ‚‹u,“c•Ώπ”Τ,131202,“‹“s,—ϋ”n‹ζ,υ‚‹u‚P’–Ϊ,2021/8/14,15,’“Τi—Φjκ,’“Τi—Φjκ,ƒL[‚Θ‚µ,‚Θ‚µ,‰έ•¨©“®Τ
ή“,©“®Τ“,υ‚‹u,—ϋ”n‚–μ‘δ‰w‘Oπ”Τ,131202,“‹“s,—ϋ”n‹ζ,•xm©‘δ‚P’–Ϊ,2021/10/11,16,’“Τi—Φjκ,’“Τi—Φjκ,ƒL[‚Θ‚µ,‚Θ‚µ,‰έ•¨©“®Τ
ή“,©“®Τ“,υ‚‹u,’J΄π”Τ,131202,“‹“s,—ϋ”n‹ζ,‚Ό‚R’–Ϊ,2020/12/18,21,‚»‚Μ‘Ό,‚»‚Μ‘Ό,ƒL[‚ ‚θ,‚Θ‚µ,ζ—p©“®Τ
ή“,©“®Τ“,υ‚‹u,’J΄π”Τ,131202,“‹“s,—ϋ”n‹ζ,•xm©‘δ‚S’–Ϊ,2021/3/1,0,’“Τi—Φjκ,’“Τi—Φjκ,ƒL[‚Θ‚µ,‚Θ‚µ,‰έ•¨©“®Τ
ή“,©“®Τ“,γ–μ,δ“k’¬π”Τ,131067,“‹“s,‘δ“‹ζ,“γ–μ‚Q’–Ϊ,2021/12/26,17,‚SK‚ΔΘγ‹¤“―Z‘ξ,’“Τi—Φjκ,ƒL[‚Θ‚µ,‚ ‚θ,ζ—p©“®Τ
ή“,©“®Τ“,‰Ί’J,Oƒm—Φπ”Τ,131067,“‹“s,‘δ“‹ζ,—³ς‚Q’–Ϊ,2021/8/22,2,‚SK‚ΔΘγ‹¤“―Z‘ξ,’“Τi—Φjκ,ƒL[‚Θ‚µ,‚ ‚θ,ζ—p©“®Τ
ή“,©“®Τ“,‘ ‘O,{‰κ‹΄π”Τ,131067,“‹“s,‘δ“‹ζ,σ‘‹΄‚R’–Ϊ,2021/10/4,15,’“Τi—Φjκ,’“Τi—Φjκ,ƒL[‚Θ‚µ,‚ ‚θ,ζ—p©“®Τ
ή“,©“®Τ“,rμ,rμά’–Ϊπ”Τ,131181,“‹“s,rμ‹ζ,rμ‚S’–Ϊ,2021/7/10,19,“ΉHγ,‚»‚Μ‘Ό,ƒL[‚ ‚θ,‚Θ‚µ,‰έ•¨©“®Τ
ή“,©“®Τ“,ΌVδ,V“c’“έ,131211,“‹“s,‘«—§‹ζ,V“c‚P’–Ϊ,2021/6/3,0,’“Τi—Φjκ,’“Τi—Φjκ,ƒL[‚Θ‚µ,‚ ‚θ,ζ—p©“®Τ
ή“,©“®Τ“,ΌVδ,Mΐπ”Τ,131211,“‹“s,‘«—§‹ζ,]–k‚V’–Ϊ,2021/12/23,19,‚SK‚ΔΘγ‹¤“―Z‘ξ,’“Τi—Φjκ,ƒL[‚Θ‚µ,‚ ‚θ,ζ—p©“®Τ
ή“,©“®Τ“,ΌVδ,ΌVδά’–Ϊπ”Τ,131211,“‹“s,‘«—§‹ζ,ΌVδ‚Q’–Ϊ,2021/6/28,21,κΛZ‘ξ,’“Τi—Φjκ,ƒL[‚Θ‚µ,‚ ‚θ,ζ—p©“®Τ
ή“,©“®Τ“,ΌVδ,ΌVδ‰w‘Oπ”Τ,131211,“‹“s,‘«—§‹ζ,ΌVδ‰h’¬‚Q’–Ϊ,2021/12/9,17,’“Τi—Φjκ,’“Τi—Φjκ,ƒL[‚Θ‚µ,‚ ‚θ,ζ—p©“®Τ
ή“,©“®Τ“,ΌVδ,­•lπ”Τ,131211,“‹“s,‘«—§‹ζ,­•l‚R’–Ϊ,2021/9/10,18,‚»‚Μ‘Ό‚ΜZ‘ξi‚RK‚ΔΘ‰Ί‹¤“―Z‘ξ“™j,’“Τi—Φjκ,ƒL[‚Θ‚µ,‚Θ‚µ,‰έ•¨©“®Τ
ή“,©“®Τ“,ΌVδ,­•lπ”Τ,131211,“‹“s,‘«—§‹ζ,­•l‚S’–Ϊ,2021/8/28,20,’“Τi—Φjκ,’“Τi—Φjκ,ƒL[‚Θ‚µ,‚Θ‚µ,‰έ•¨©“®Τ
ή“,©“®Τ“,ΌVδ,­•lπ”Τ,131211,“‹“s,‘«—§‹ζ,­•l‚T’–Ϊ,2021/9/9,13,’“Τi—Φjκ,’“Τi—Φjκ,ƒL[‚Θ‚µ,‚Θ‚µ,‰έ•¨©“®Τ
ή“,©“®Τ“,ΌVδ,­•lπ”Τ,131211,“‹“s,‘«—§‹ζ,’Φ‚P’–Ϊ,2021/8/27,17,’“Τi—Φjκ,’“Τi—Φjκ,ƒL[‚Θ‚µ,‚Θ‚µ,‰έ•¨©“®Τ
ή“,©“®Τ“,ΌVδ,­•lπ”Τ,131211,“‹“s,‘«—§‹ζ,’Φ‚P’–Ϊ,2021/9/9,20,κΛZ‘ξ,‚»‚Μ‘Ό,ƒL[‚Θ‚µ,‚Θ‚µ,‰έ•¨©“®Τ
ή“,©“®Τ“,ΌVδ,­•lπ”Τ,131211,“‹“s,‘«—§‹ζ,’Φ‚P’–Ϊ,2021/12/15,20,’“Τi—Φjκ,’“Τi—Φjκ,ƒL[‚Θ‚µ,‚ ‚θ,ζ—p©“®Τ
ή“,©“®Τ“,ΌVδ,­•lπ”Τ,131211,“‹“s,‘«—§‹ζ,’Φ‚Q’–Ϊ,2021/9/7,16,‚SK‚ΔΘγ‹¤“―Z‘ξ,’“Τi—Φjκ,ƒL[‚Θ‚µ,‚Θ‚µ,‰έ•¨©“®Τ
ή“,©“®Τ“,»£,κƒc‰Ζπ”Τ,131211,“‹“s,‘«—§‹ζ,Βδ‚U’–Ϊ,2021/5/23,21,’“Τi—Φjκ,’“Τi—Φjκ,ƒL[‚Θ‚µ,‚ ‚θ,ζ—p©“®Τ
ή“,©“®Τ“,»£,κƒc‰Ζπ”Τ,131211,“‹“s,‘«—§‹ζ,‰Α•½‚Q’–Ϊ,2021/9/30,13,’“Τi—Φjκ,’“Τi—Φjκ,ƒL[‚Θ‚µ,‚ ‚θ,ζ—p©“®Τ
ή“,©“®Τ“,»£,’†‰›–{’¬π”Τ,131211,“‹“s,‘«—§‹ζ,•½–μ‚Q’–Ϊ,2021/5/9,16,’“Τi—Φjκ,’“Τi—Φjκ,ƒL[‚Θ‚µ,‚ ‚θ,ζ—p©“®Τ
ή“,©“®Τ“,»£,’†‰›–{’¬π”Τ,131211,“‹“s,‘«—§‹ζ,•Ϋ’Λ’¬,2021/11/4,0,’“Τi—Φjκ,’“Τi—Φjκ,ƒL[‚Θ‚µ,‚ ‚θ,ζ—p©“®Τ
ή“,©“®Τ“,»£,‘ε’J“cπ”Τ,131211,“‹“s,‘«—§‹ζ,Z–Ψ‚Q’–Ϊ,2021/5/23,18,’“Τi—Φjκ,’“Τi—Φjκ,ƒL[‚Θ‚µ,‚Θ‚µ,ζ—p©“®Τ
ή“,©“®Τ“,»£,‘ε’J“cπ”Τ,131211,“‹“s,‘«—§‹ζ,Z–Ψ‚Q’–Ϊ,2021/12/13,22,κΛZ‘ξ,’“Τi—Φjκ,ƒL[‚Θ‚µ,‚ ‚θ,ζ—p©“®Τ
ή“,©“®Τ“,»£,_–Ύπ”Τ,131211,“‹“s,‘«—§‹ζ,Z–Ψ‚R’–Ϊ,2021/3/17,2,κΛZ‘ξ,’“Τi—Φjκ,ƒL[‚Θ‚µ,‚ ‚θ,ζ—p©“®Τ
ή“,©“®Τ“,»£,»£Z’–Ϊπ”Τ,131211,“‹“s,‘«—§‹ζ,“»£‚R’–Ϊ,2021/11/17,20,‚SK‚ΔΘγ‹¤“―Z‘ξ,’“Τi—Φjκ,ƒL[‚Θ‚µ,‚Θ‚µ,ζ—p©“®Τ
ή“,©“®Τ“,»£,»£Z’–Ϊπ”Τ,131211,“‹“s,‘«—§‹ζ,’J’†‚P’–Ϊ,2021/12/15,19,’“Τi—Φjκ,’“Τi—Φjκ,ƒL[‚Θ‚µ,‚Θ‚µ,ζ—p©“®Τ
ή“,©“®Τ“,»£,»£‰w“ϋπ”Τ,131211,“‹“s,‘«—§‹ζ,»£‚Q’–Ϊ,2021/10/7,19,’“Τi—Φjκ,’“Τi—Φjκ,ƒL[‚Θ‚µ,‚Θ‚µ,ζ—p©“®Τ
ή“,©“®Τ“,»£,»£‰w“ϋπ”Τ,131211,“‹“s,‘«—§‹ζ,“»£‚P’–Ϊ,2021/10/4,15,’“Τi—Φjκ,’“Τi—Φjκ,ƒL[‚Θ‚µ,‚Θ‚µ,‰έ•¨©“®Τ
ή“,©“®Τ“,»£,»£‰wΌϋπ”Τ,131211,“‹“s,‘«—§‹ζ,»£‚S’–Ϊ,2021/10/4,21,‚»‚Μ‘Ό,’“Τi—Φjκ,ƒL[‚Θ‚µ,‚ ‚θ,‰έ•¨©“®Τ
ή“,©“®Τ“,»£,‘«—§’“έ,131211,“‹“s,‘«—§‹ζ,‘«—§‚Q’–Ϊ,2021/10/20,19,’“Τi—Φjκ,’“Τi—Φjκ,ƒL[‚Θ‚µ,‚Θ‚µ,‰έ•¨©“®Τ
ή“,©“®Τ“,’|‚Μ’Λ,Γη’J’“έ,131211,“‹“s,‘«—§‹ζ,ΌΙ‹»‚Q’–Ϊ,2021/7/12,23,’“Τi—Φjκ,’“Τi—Φjκ,ƒL[‚Θ‚µ,‚ ‚θ,ζ—p©“®Τ
ή“,©“®Τ“,’|‚Μ’Λ,Γη’J’“έ,131211,“‹“s,‘«—§‹ζ,ΌΙ‹»‚Q’–Ϊ,2021/9/10,19,’“Τi—Φjκ,’“Τi—Φjκ,ƒL[‚Θ‚µ,‚Θ‚µ,‰έ•¨©“®Τ
ή“,©“®Τ“,’|‚Μ’Λ,Γη’J’“έ,131211,“‹“s,‘«—§‹ζ,ΌΙ‹»‚R’–Ϊ,2021/11/28,17,κΛZ‘ξ,’“Τi—Φjκ,ƒL[‚Θ‚µ,‚ ‚θ,ζ—p©“®Τ
ή“,©“®Τ“,’|‚Μ’Λ,Ό•Ϋ–ΨΤπ”Τ,131211,“‹“s,‘«—§‹ζ,Ό•Ϋ–ΨΤ‚Q’–Ϊ,2021/10/20,20,’“Τi—Φjκ,’“Τi—Φjκ,ƒL[‚Θ‚µ,‚Θ‚µ,ζ—p©“®Τ
ή“,©“®Τ“,’|‚Μ’Λ,©ΐ‘γe…φ‰€‰w‘Oπ”Τ,131211,“‹“s,‘«—§‹ζ,Ιl‚Q’–Ϊ,2021/10/2,19,’“Τi—Φjκ,’“Τi—Φjκ,ƒL[‚Θ‚µ,‚Θ‚µ,‰έ•¨©“®Τ
ή“,©“®Τ“,’|‚Μ’Λ,©ΐ‘γe…φ‰€‰w‘Oπ”Τ,131211,“‹“s,‘«—§‹ζ,Ιl‚S’–Ϊ,2021/12/22,23,κΛZ‘ξ,’“Τi—Φjκ,ƒL[‚Θ‚µ,‚Θ‚µ,ζ—p©“®Τ
ή“,©“®Τ“,’|‚Μ’Λ,©ΐ‘γe…φ‰€‰w‘Oπ”Τ,131211,“‹“s,‘«—§‹ζ,Ιl‚T’–Ϊ,2021/9/11,0,’“Τi—Φjκ,’“Τi—Φjκ,ƒL[‚Θ‚µ,‚Θ‚µ,‰έ•¨©“®Τ
ή“,©“®Τ“,ό“‡,”Ll’–Ϊπ”Τ,131075,“‹“s,–n“c‹ζ,“–n“c‚R’–Ϊ,2021/1/29,15,‚»‚Μ‘Ό,’“Τi—Φjκ,ƒL[‚Θ‚µ,‚Θ‚µ,‰έ•¨©“®Τ
ή“,©“®Τ“,‹T—L,‚¨‰Τ’ƒ‰®π”Τ,131229,“‹“s,‹ό‹ζ,‚¨‰Τ’ƒ‰®‚P’–Ϊ,2021/10/5,14,‚»‚Μ‘Ό,’“Τi—Φjκ,ƒL[‚Θ‚µ,‚ ‚θ,ζ—p©“®Τ
ή“,©“®Τ“,‹T—L,“‹ΰ’¬π”Τ,131229,“‹“s,‹ό‹ζ,“‹ΰ’¬‚V’–Ϊ,2021/10/6,20,κΛZ‘ξ,’“Τi—Φjκ,ƒL[‚ ‚θ,‚Θ‚µ,‰έ•¨©“®Τ
ή“,©“®Τ“,‹T—L,Δ–”“ρ’–Ϊπ”Τ,131229,“‹“s,‹ό‹ζ,Δ–”‚Q’–Ϊ,2021/12/6,15,’“Τi—Φjκ,’“Τi—Φjκ,ƒL[‚Θ‚µ,‚Θ‚µ,ζ—p©“®Τ
ή“,©“®Τ“,‹T—L,Ό‹T—Lπ”Τ,131229,“‹“s,‹ό‹ζ,‹T—L‚S’–Ϊ,2021/9/9,2,κΛZ‘ξ,’“Τi—Φjκ,ƒL[‚Θ‚µ,‚Θ‚µ,ζ—p©“®Τ
ή“,©“®Τ“,‹T—L,‹ΰ’¬‰w“μϋπ”Τ,131229,“‹“s,‹ό‹ζ,‹ΰ’¬‚Q’–Ϊ,2021/3/18,18,’“Τi—Φjκ,’“Τi—Φjκ,ƒL[‚Θ‚µ,‚Θ‚µ,ζ—p©“®Τ
ή“,©“®Τ“,‹T—L,ΒΛ–k•”’“έ,131229,“‹“s,‹ό‹ζ,ΒΛ‚U’–Ϊ,2021/10/16,19,’“Τi—Φjκ,’“Τi—Φjκ,ƒL[‚Θ‚µ,‚Θ‚µ,ζ—p©“®Τ
ή“,©“®Τ“,‹ό,lƒc–Ψπ”Τ,131229,“‹“s,‹ό‹ζ,l‚Β–Ψ‚R’–Ϊ,2021/10/16,15,’“Τi—Φjκ,’“Τi—Φjκ,ƒL[‚Θ‚µ,‚Θ‚µ,‰έ•¨©“®Τ
ή“,©“®Τ“,‹ό,‰Λπ”Τ,131229,“‹“s,‹ό‹ζ,‰Λ‚R’–Ϊ,2021/2/11,18,’“Τi—Φjκ,’“Τi—Φjκ,ƒL[‚Θ‚µ,‚Θ‚µ,ζ—p©“®Τ
ή“,©“®Τ“,‹ό,‰Λπ”Τ,131229,“‹“s,‹ό‹ζ,‰Λ‚U’–Ϊ,2021/10/14,16,‚»‚Μ‘Ό,‚»‚Μ‘Ό,ƒL[‚Θ‚µ,‚Θ‚µ,‰έ•¨©“®Τ
ή“,©“®Τ“,‹ό,—§Ξ‰w‘Oπ”Τ,131229,“‹“s,‹ό‹ζ,—§Ξ‚Q’–Ϊ,2021/2/2,0,’“Τi—Φjκ,’“Τi—Φjκ,ƒL[‚Θ‚µ,‚ ‚θ,‚Θ‚µ
ή“,©“®Τ“,‹ό,—§Ξ‰w‘Oπ”Τ,131229,“‹“s,‹ό‹ζ,—§Ξ‚T’–Ϊ,2021/10/15,15,’“Τi—Φjκ,’“Τi—Φjκ,ƒL[‚Θ‚µ,‚Θ‚µ,‰έ•¨©“®Τ
ή“,©“®Τ“,‹ό,—§Ξ‰w‘Oπ”Τ,131229,“‹“s,‹ό‹ζ,—§Ξ‚U’–Ϊ,2021/10/21,16,’“Τi—Φjκ,’“Τi—Φjκ,ƒL[‚Θ‚µ,‚Θ‚µ,‰έ•¨©“®Τ
ή“,©“®Τ“,‹ό,—§Ξ‰w‘Oπ”Τ,131229,“‹“s,‹ό‹ζ,—§Ξ‚U’–Ϊ,2021/10/21,20,‚SK‚ΔΘγ‹¤“―Z‘ξ,‚»‚Μ‘Ό,ƒL[‚Θ‚µ,‚Θ‚µ,‰έ•¨©“®Τ
ή“,©“®Τ“,¬Όμ,’Φ’¬’“έ,131237,“‹“s,]Λμ‹ζ,t]’¬‚Q’–Ϊ,2021/11/2,14,‚»‚Μ‘Ό‚ΜZ‘ξi‚RK‚ΔΘ‰Ί‹¤“―Z‘ξ“™j,’“Τi—Φjκ,ƒL[‚Θ‚µ,‚Θ‚µ,ζ—p©“®Τ
ή“,©“®Τ“,‹Ό,΄V’¬π”Τ,131237,“‹“s,]Λμ‹ζ,Ό‹Ό‚W’–Ϊ,2021/10/27,16,’“Τi—Φjκ,’“Τi—Φjκ,ƒL[‚Θ‚µ,‚ ‚θ,ζ—p©“®Τ
ή“,©“®Τ“,‹Ό,—ΥCφ‰€π”Τ,131237,“‹“s,]Λμ‹ζ,“μ‹Ό‚T’–Ϊ,2021/7/12,15,’“Τi—Φjκ,’“Τi—Φjκ,ƒL[‚Θ‚µ,‚Θ‚µ,ζ—p©“®Τ
ή“,©“®Τ“,‹Ό,‹Ό‹΄“π”Τ,131237,“‹“s,]Λμ‹ζ,–k‹Ό‚S’–Ϊ,2021/7/7,23,’“Τi—Φjκ,’“Τi—Φjκ,ƒL[‚Θ‚µ,‚ ‚θ,‚Θ‚µ
ή“,©“®Τ“,‹Ό,‹Ό‰w‘Oπ”Τ,131237,“‹“s,]Λμ‹ζ,’†‹Ό‚V’–Ϊ,2021/8/12,18,’“Τi—Φjκ,’“Τi—Φjκ,ƒL[‚Θ‚µ,‚ ‚θ,ζ—p©“®Τ
ή“,©“®Τ“,‹Ό,Ό‹Ό‰w‘Oπ”Τ,131237,“‹“s,]Λμ‹ζ,Ό‹Ό‚U’–Ϊ,2021/8/27,3,“ΉHγ,‚»‚Μ‘Ό,ƒL[‚ ‚θ,‚Θ‚µ,ζ—p©“®Τ
ή“,©“®Τ“,“μ‘ε‘ς,“μ‘ε‘ς‰w‘Oπ”Τ,132012,“‹“s,”‰¤qs,“μ‘ε‘ς‚Q’–Ϊ,2021/7/19,10,‚»‚Μ‘Ό‚ΜZ‘ξi‚RK‚ΔΘ‰Ί‹¤“―Z‘ξ“™j,’“Τi—Φjκ,ƒL[‚Θ‚µ,‚Θ‚µ,‰έ•¨©“®Τ
ή“,©“®Τ“,“μ‘ε‘ς,–x”V“ΰ‰w‘Oπ”Τ,132012,“‹“s,”‰¤qs,“’†–μ,2021/8/9,16,’“Τi—Φjκ,’“Τi—Φjκ,ƒL[‚Θ‚µ,‚Θ‚µ,‰έ•¨©“®Τ
ή“,©“®Τ“,“μ‘ε‘ς,Ό‚’Jπ”Τ,132012,“‹“s,”‰¤qs,Ό‚’J,2021/7/19,21,’“Τi—Φjκ,’“Τi—Φjκ,ƒL[‚Θ‚µ,‚ ‚θ,‰έ•¨©“®Τ
ή“,©“®Τ“,‘½–€’†‰›,‘εΫπ”Τ,132250,“‹“s,ξιs,‘εΫ,2021/9/17,18,’“Τi—Φjκ,’“Τi—Φjκ,ƒL[‚Θ‚µ,‚Θ‚µ,‰έ•¨©“®Τ
ή“,©“®Τ“,‘½–€’†‰›,‘εΫπ”Τ,132250,“‹“s,ξιs,‘εΫ,2021/9/27,2,‚»‚Μ‘Ό,’“Τi—Φjκ,ƒL[‚Θ‚µ,‚Θ‚µ,‰έ•¨©“®Τ
ή“,©“®Τ“,‘½–€’†‰›,‘εΫπ”Τ,132250,“‹“s,ξιs,“’·ΐ,2021/7/5,20,‚»‚Μ‘Ό,’“Τi—Φjκ,ƒL[‚ ‚θ,‚Θ‚µ,‰έ•¨©“®Τ
ή“,©“®Τ“,‘½–€’†‰›,“’·ΐ’“έ,132250,“‹“s,ξιs,“’·ΐ,2021/7/12,17,‚»‚Μ‘Ό,’“Τi—Φjκ,ƒL[‚Θ‚µ,‚Θ‚µ,‰έ•¨©“®Τ
ή“,©“®Τ“,‘½–€’†‰›,•S‘Ί’“έ,132250,“‹“s,ξιs,•S‘Ί,2021/1/11,17,’“Τi—Φjκ,’“Τi—Φjκ,ƒL[‚Θ‚µ,‚ ‚θ,ζ—p©“®Τ
ή“,©“®Τ“,‘½–€’†‰›,•S‘Ί’“έ,132250,“‹“s,ξιs,•S‘Ί,2021/7/17,17,‚»‚Μ‘Ό,’“Τi—Φjκ,ƒL[‚Θ‚µ,‚Θ‚µ,‚Θ‚µ
ή“,©“®Τ“,‘½–€’†‰›,–ξ–μϋπ”Τ,132250,“‹“s,ξιs,“’·ΐ,2021/7/14,18,κΛZ‘ξ,’“Τi—Φjκ,ƒL[‚Θ‚µ,‚Θ‚µ,ζ—p©“®Τ
ή“,©“®Τ“,‘½–€’†‰›,–ξ–μϋπ”Τ,132250,“‹“s,ξιs,–ξ–μϋ,2021/7/1,20,’“Τi—Φjκ,’“Τi—Φjκ,ƒL[‚Θ‚µ,‚Θ‚µ,ζ—p©“®Τ
ή“,©“®Τ“,‘½–€’†‰›,–ξ–μϋπ”Τ,132250,“‹“s,ξιs,–ξ–μϋ,2021/9/20,19,’“Τi—Φjκ,’“Τi—Φjκ,ƒL[‚Θ‚µ,‚ ‚θ,ζ—p©“®Τ
ή“,©“®Τ“,‘½–€’†‰›,Lζπ”Τ,132241,“‹“s,‘½–€s,Lζ‚T’–Ϊ,2020/10/10,•s–Ύ,‚»‚Μ‘Ό,’“Τi—Φjκ,ƒL[‚ ‚θ,‚Θ‚µ,ζ—p©“®Τ
ή“,©“®Τ“,“‘εa,Oƒc–Ψπ”Τ,132233,“‹“s,•‘ ‘ΊRs,c–x‚S’–Ϊ,2021/4/22,1,‚»‚Μ‘Ό,’“Τi—Φjκ,ƒL[‚ ‚θ,‚Θ‚µ,‰έ•¨©“®Τ
ή“,©“®Τ“,“‘εa,’†“΅π”Τ,132233,“‹“s,•‘ ‘ΊRs,–{’¬‚P’–Ϊ,2021/5/30,22,‚»‚Μ‘Ό,’“Τi—Φjκ,ƒL[‚Θ‚µ,‚ ‚θ,ζ—p©“®Τ
ή“,©“®Τ“,Β”~,μ–μ’“έ,133086,“‹“s,‰‘½–€’¬,μ–μ,2021/9/29,9,‚»‚Μ‘Ό,‚»‚Μ‘Ό,ƒL[‚ ‚θ,‚Θ‚µ,‰έ•¨©“®Τ
ή“,©“®Τ“,Β”~,V’¬π”Τ,132055,“‹“s,Β”~s,‰Ν•Σ’¬‚W’–Ϊ,2021/11/18,23,κΛZ‘ξ,’“Τi—Φjκ,ƒL[‚Θ‚µ,‚Θ‚µ,ζ—p©“®Τ
ή“,©“®Τ“,•¶,γ•¶’“έ,132187,“‹“s,•¶s,‘ε•¶,2021/8/24,16,‚»‚Μ‘Ό,’“Τi—Φjκ,ƒL[‚Θ‚µ,‚Θ‚µ,ζ—p©“®Τ
ή“,©“®Τ“,•¶,³‹·R’“έ,133035,“‹“s,•δ’¬,‘ε‹ξ`•xmR,2021/11/5,18,‚»‚Μ‘Ό,‚»‚Μ‘Ό,ƒL[‚ ‚θ,‚Θ‚µ,ζ—p©“®Τ
ή“,©“®Τ“,•¶,¬μ‰w‘Oπ”Τ,132276,“‹“s,‰H‘Ίs,¬μ‘δ‚P’–Ϊ,2021/11/5,2,“ΉHγ,‚»‚Μ‘Ό,ƒL[‚ ‚θ,‚Θ‚µ,ζ—p©“®Τ
ή“,©“®Τ“,”‰¤q,”‰¤q‰w–kϋπ”Τ,132012,“‹“s,”‰¤qs,®’¬,2021/1/2,17,“ΉHγ,‚»‚Μ‘Ό,ƒL[‚Θ‚µ,‚Θ‚µ,ζ—p©“®Τ
ή“,©“®Τ“,”‰¤q,”‰¤q‰w–kϋπ”Τ,132012,“‹“s,”‰¤qs,–Ύ_’¬‚Q’–Ϊ,2021/6/28,18,‚»‚Μ‘Ό,’“Τi—Φjκ,ƒL[‚Θ‚µ,‚Θ‚µ,‰έ•¨©“®Τ
ή“,©“®Τ“,”‰¤q,‘εa“cπ”Τ,132012,“‹“s,”‰¤qs,‘εa“c’¬‚S’–Ϊ,2021/6/29,12,‚»‚Μ‘Ό,’“Τi—Φjκ,ƒL[‚Θ‚µ,‚Θ‚µ,‰έ•¨©“®Τ
ή“,©“®Τ“,”‰¤q,¬‹{’¬’“έ,132012,“‹“s,”‰¤qs,¬‹{’¬,2021/10/1,15,‚»‚Μ‘Ό,‚»‚Μ‘Ό,ƒL[‚Θ‚µ,‚Θ‚µ,ζ—p©“®Τ
ή“,©“®Τ“,”‰¤q,Ό”‰¤q‰w‘Oπ”Τ,132012,“‹“s,”‰¤qs,ηl’¬‚R’–Ϊ,2021/6/28,19,’“Τi—Φjκ,’“Τi—Φjκ,ƒL[‚Θ‚µ,‚Θ‚µ,‰έ•¨©“®Τ
ή“,©“®Τ“,”‰¤q,’Η•π”Τ,132012,“‹“s,”‰¤qs,³–{‹½’¬‚Q’–Ϊ,2021/7/15,23,κΛZ‘ξ,’“Τi—Φjκ,ƒL[‚ ‚θ,‚Θ‚µ,‰έ•¨©“®Τ
ή“,©“®Τ“,’¬“c,’‰¶’n‹ζπ”Τ,132098,“‹“s,’¬“cs,–Ψ‘]Ό‚P’–Ϊ,2021/8/3,15,“ΉHγ,‚»‚Μ‘Ό,ƒL[‚ ‚θ,‚Θ‚µ,ζ—p©“®Τ
ή“,©“®Τ“,’¬“c,’‰¶’n‹ζπ”Τ,132098,“‹“s,’¬“cs,–Ψ‘]Ό‚T’–Ϊ,2021/7/29,17,‚»‚Μ‘Ό,‚»‚Μ‘Ό,ƒL[‚ ‚θ,‚Θ‚µ,“Ακ©“®Τ
ή“,©“®Τ“,’¬“c,¬£’“έ,132098,“‹“s,’¬“cs,¬£‚P’–Ϊ,2021/2/5,18,‚»‚Μ‘Ό,’“Τi—Φjκ,ƒL[‚Θ‚µ,‚Θ‚µ,‰έ•¨©“®Τ
ή“,©“®Τ“,’¬“c,–{’¬“cπ”Τ,132098,“‹“s,’¬“cs,–{’¬“c,2021/7/17,12,‚SK‚ΔΘγ‹¤“―Z‘ξ,’“Τi—Φjκ,ƒL[‚ ‚θ,‚Θ‚µ,‰έ•¨©“®Τ
ή“,©“®Τ“,’¬“c,^υ›’“έ,132098,“‹“s,’¬“cs,LΡ’¬,2021/7/18,19,κΛZ‘ξ,’“Τi—Φjκ,ƒL[‚Θ‚µ,‚Θ‚µ,ζ—p©“®Τ
ή“,©“®Τ“,’¬“c,’ίΤπ”Τ,132098,“‹“s,’¬“cs,’ίΤ‚W’–Ϊ,2021/6/10,19,‚»‚Μ‘Ό,‚»‚Μ‘Ό,ƒL[‚Θ‚µ,‚Θ‚µ,ζ—p©“®Τ
ή“,©“®Τ“,’¬“c,’ίΤπ”Τ,132098,“‹“s,’¬“cs,’ίΤ‚W’–Ϊ,2021/8/25,19,‚»‚Μ‘Ό,’“Τi—Φjκ,ƒL[‚Θ‚µ,‚ ‚θ,ζ—p©“®Τ
ή“,©“®Τ“,“ϊ–μ,“ϊ–μ‰w‘Oπ”Τ,132128,“‹“s,“ϊ–μs,‘εβγ‚P’–Ϊ,2021/7/9,1,“ΉHγ,‚»‚Μ‘Ό,ƒL[‚ ‚θ,‚Θ‚µ,ζ—p©“®Τ
ή“,©“®Τ“,“ϊ–μ,•S‘‰€π”Τ,132128,“‹“s,“ϊ–μs,•S‘,2021/9/27,0,’“Τi—Φjκ,’“Τi—Φjκ,ƒL[‚Θ‚µ,‚Θ‚µ,‰έ•¨©“®Τ
ή“,©“®Τ“,“ϊ–μ,‚”¦•s“®‰w“μϋπ”Τ,132128,“‹“s,“ϊ–μs,O‘ς‚R’–Ϊ,2021/9/29,23,κΛZ‘ξ,’“Τi—Φjκ,ƒL[‚Θ‚µ,‚Θ‚µ,‰έ•¨©“®Τ
ή“,©“®Τ“,Ί“‡,•“‡π”Τ,132071,“‹“s,Ί“‡s,‹Κμ’¬‚S’–Ϊ,2021/9/25,14,‚SK‚ΔΘγ‹¤“―Z‘ξ,’“Τi—Φjκ,ƒL[‚Θ‚µ,‚ ‚θ,ζ—p©“®Τ
ή“,©“®Τ“,—§μ,—§“ϊ‹΄π”Τ,132021,“‹“s,—§μs,‹Ρ’¬‚U’–Ϊ,2021/4/28,20,’“Τi—Φjκ,’“Τi—Φjκ,ƒL[‚ ‚θ,‚Θ‚µ,‰έ•¨©“®Τ
ή“,©“®Τ“,•{’†,‘ε‘°π”Τ,132063,“‹“s,•{’†s,‹{’¬‚R’–Ϊ,2021/1/13,17,‚»‚Μ‘Ό,’“Τi—Φjκ,ƒL[‚Θ‚µ,‚ ‚θ,ζ—p©“®Τ
ή“,©“®Τ“,•{’†,“•{’†‰w‘Oπ”Τ,132063,“‹“s,•{’†s,αΌ’¬‚R’–Ϊ,2021/2/25,20,κΛZ‘ξ,’“Τi—Φjκ,ƒL[‚Θ‚µ,‚ ‚θ,ζ—p©“®Τ
ή“,©“®Τ“,•{’†,”όD’¬π”Τ,132063,“‹“s,•{’†s,”όD’¬‚R’–Ϊ,2021/6/13,15,’“Τi—Φjκ,’“Τi—Φjκ,ƒL[‚ ‚θ,‚Θ‚µ,ζ—p©“®Τ
ή“,©“®Τ“,“c–³,‚Π‚Ξ‚θ‚‹u‰w‘Oπ”Τ,132292,“‹“s,Ό“‹s,’JΛ’¬‚Q’–Ϊ,2021/5/10,15,’“Τi—Φjκ,’“Τi—Φjκ,ƒL[‚Θ‚µ,‚Θ‚µ,ζ—p©“®Τ
ή“,©“®Τ“,“‘ΊR,’†—Ά’“έ,132217,“‹“s,΄£s,’†—Ά‚P’–Ϊ,2021/5/24,15,’“Τi—Φjκ,’“Τi—Φjκ,ƒL[‚Θ‚µ,‚Θ‚µ,ζ—p©“®Τ
ή“,©“®Τ“,“‘ΊR,’†—Ά’“έ,132217,“‹“s,΄£s,’†—Ά‚P’–Ϊ,2021/5/24,15,’“Τi—Φjκ,’“Τi—Φjκ,ƒL[‚Θ‚µ,‚Θ‚µ,ζ—p©“®Τ
ή“,©“®Τ“,“‘ΊR,H’ΓO’–Ϊπ”Τ,132136,“‹“s,“‘ΊRs,z–K’¬‚P’–Ϊ,2021/1/17,23,’“Τi—Φjκ,’“Τi—Φjκ,ƒL[‚ ‚θ,‚Θ‚µ,ζ—p©“®Τ
ή“,©“®Τ“,O‘ι,Vμπ”Τ,132047,“‹“s,O‘ιs,Vμ‚U’–Ϊ,2021/2/7,8,‚»‚Μ‘Ό,’“Τi—Φjκ,ƒL[‚ ‚θ,‚Θ‚µ,ζ—p©“®Τ
ή“,©“®Τ“,’²•z,‹e–μ‘δπ”Τ,132080,“‹“s,’²•zs,²{’¬‚P’–Ϊ,2021/10/22,7,κΛZ‘ξ,’“Τi—Φjκ,ƒL[‚Θ‚µ,‚ ‚θ,ζ—p©“®Τ
